-- MySQL Administrator dump 1.4
--
-- ------------------------------------------------------
-- Server version	5.0.45-community-nt


/*!40101 SET @OLD_CHARACTER_SET_CLIENT=@@CHARACTER_SET_CLIENT */;
/*!40101 SET @OLD_CHARACTER_SET_RESULTS=@@CHARACTER_SET_RESULTS */;
/*!40101 SET @OLD_COLLATION_CONNECTION=@@COLLATION_CONNECTION */;
/*!40101 SET NAMES utf8 */;

/*!40014 SET @OLD_UNIQUE_CHECKS=@@UNIQUE_CHECKS, UNIQUE_CHECKS=0 */;
/*!40014 SET @OLD_FOREIGN_KEY_CHECKS=@@FOREIGN_KEY_CHECKS, FOREIGN_KEY_CHECKS=0 */;
/*!40101 SET @OLD_SQL_MODE=@@SQL_MODE, SQL_MODE='NO_AUTO_VALUE_ON_ZERO' */;


--
-- Create schema a2a
--

/*CREATE DATABASE IF NOT EXISTS a2a;
USE a2a;*/

--
-- Definition of table `chatlog`
--

DROP TABLE IF EXISTS `chatlog`;
CREATE TABLE `chatlog` (
  `id` int(10) unsigned NOT NULL auto_increment,
  `player_id` int(10) unsigned NOT NULL,
  `message` text NOT NULL,
  `stamp` int(10) unsigned NOT NULL,
  PRIMARY KEY  (`id`),
  KEY `FK_chatlog_players` (`player_id`),
  CONSTRAINT `FK_chatlog_players` FOREIGN KEY (`player_id`) REFERENCES `players` (`id`) ON DELETE CASCADE
) ENGINE=InnoDB AUTO_INCREMENT=398 DEFAULT CHARSET=latin1;

--
-- Dumping data for table `chatlog`
--

/*!40000 ALTER TABLE `chatlog` DISABLE KEYS */;
INSERT INTO `chatlog` (`id`,`player_id`,`message`,`stamp`) VALUES 
 (246,31,'Hi',1200085112),
 (247,31,'asdf',1200085116),
 (248,30,'hi!',1200085126),
 (249,30,'still?',1200085138),
 (250,30,'ooooook',1200085152),
 (251,31,'does this still work?',1200364297),
 (254,35,'i',1200367642),
 (256,36,'hi guys',1200688104),
 (257,37,'hey!',1200688108),
 (258,38,'lo',1200688142),
 (259,39,'wassup?',1200688366),
 (260,36,'hi',1200688383),
 (261,36,'wow',1200688427),
 (262,48,'?',1200862783),
 (263,47,'hi',1200862798),
 (264,49,'yay',1201019112),
 (265,50,'eee',1201019141),
 (266,52,'hi',1201292125),
 (267,51,'hi hi',1201292131),
 (268,52,'yay',1201292185),
 (269,51,'eee',1201292340),
 (270,53,'hi',1201659137),
 (271,55,'hello!',1201659141),
 (272,54,'howdy.',1201659151),
 (273,55,'la la la... chatting...',1201659191),
 (274,54,'liz, can you see me?',1201659844),
 (275,54,'hey chatting la la la ',1201660042),
 (276,55,'hi!',1201660051),
 (277,55,'hi!',1201660051),
 (278,54,'wazzup?',1201660061),
 (279,55,'=)',1201660069),
 (280,54,'yay! ha! mark clearly has not been burned by a bad girlfriend yet.',1201660377),
 (281,55,'=)',1201660387),
 (282,54,'matter of interpretation, i suppose.',1201660417),
 (283,54,'icebergs are cold.',1201660422),
 (284,54,'dooa;dlkjasdl;fiasdjf',1201660429),
 (285,54,'who\'s your friend',1201660438),
 (286,54,'magical talking paperclip!',1201660611),
 (287,55,'haha',1201660618),
 (288,54,'magically crashing all the time!',1201660618),
 (289,54,'magical shit for a browser IE!',1201660624),
 (290,55,'annoying paperclip',1201660626),
 (291,54,'pick me!!!!!!!! ',1201660643),
 (292,53,'me!',1201660646),
 (293,53,'me me me me!',1201660654),
 (294,54,'i had more exclamation points',1201660656),
 (295,53,'pftttttt',1201660736),
 (296,53,'when does your family rescue people from the nazis?',1201660747),
 (297,55,'!@#$%%^',1201660758),
 (298,55,'`~1!2@3#4$5%6^7',1201660787),
 (299,54,'what language is this?',1201660819),
 (300,54,'',1201660823),
 (301,55,'8*9(0)-_= \\|]}[{;:\'\"/?.>,',1201660826),
 (302,54,'',1201660828),
 (303,55,'',1201660829),
 (304,54,'\\n',1201660831),
 (305,54,'\\t',1201660834),
 (306,55,'',1201660838),
 (307,54,'^',1201660843),
 (308,55,'',1201660844),
 (309,54,'$',1201660846),
 (310,54,'doo . wap',1201660855),
 (311,54,'(geek music)',1201660862),
 (312,54,'^doo . wap . doo . wap$',1201660887),
 (313,55,'å',1201660889),
 (314,54,'a musical phrase',1201660892),
 (315,54,'REGEX!',1201660901),
 (316,55,'øˆ˚∆©ƒ∂©˙∆∫˚∆µ˜…¬ø∆ˆ¨',1201660904),
 (317,53,'æ',1201660905),
 (318,54,'my lover, my nemesis.',1201660908),
 (319,53,'huzzzzzzzzzzzzah',1201661123),
 (320,54,'no, no: huzzahhhhhhhhhhhhhhh',1201661136),
 (321,53,'what about huzzaaaaaaaaaaaaah?',1201661145),
 (322,55,'Ω≈ç√∫˜µ≤≥÷æ…¬˚∆˙©ƒ∂ßåœ∑®´†¥¨ˆøπ“‘≠–ºª•¶§∞¢£™¡`',1201661150),
 (323,54,'that was it',1201661154),
 (324,53,'wow',1201661158),
 (325,55,'aaaaaaaaaaaaaaaaaaaaaaaaaaaaaaaaaaaaaaaaaaaaaaaaaaaaaaaaaaaaaaaafdffffffffffffffffffffffffffffffffffffffffffffffffffffffffffffffffffffffffffffffffffffff',1201661183),
 (326,53,'wahh',1201661204),
 (327,53,'stop breaking my website',1201661208),
 (328,54,'pobrecito',1201661227),
 (329,55,'I can\'t type fast because it didn\'t let me change to Dvorak =(',1201661239),
 (330,54,'pequeno programadoro',1201661240),
 (331,54,'muy triste, todos',1201661252),
 (332,53,'si',1201661257),
 (333,53,'que lastima',1201661272),
 (334,54,'cheater!',1201661344),
 (335,54,'oh, yeah, nice.',1201661354),
 (336,53,'cheater cheater purple people eater',1201661361),
 (337,54,'adios, macho.',1201661364),
 (338,54,'poco muchacho.',1201661390),
 (339,54,'eh?',1201661393),
 (340,53,'ay de mi',1201661403),
 (341,55,'hablo espanol!',1201661424),
 (342,54,'¡ay maria!',1201661431),
 (343,55,'dios mio!',1201661441),
 (344,54,'¡no! ¡ay lizia!',1201661451),
 (345,54,':(',1201661472),
 (346,53,'elizabeta?  no se.',1201661482),
 (347,54,'español!',1201661487),
 (348,55,'Isabel',1201661490),
 (349,53,'mis pantalones estan en fuego',1201661494),
 (350,54,'y tu corazon en hielo.',1201661522),
 (351,55,'ay!  queso de muerte!',1201661525),
 (352,54,'can I play a card that says \"me\" for this round?',1201661548),
 (353,53,'I might',1201661556),
 (354,54,'oxbows',1201661642),
 (355,55,'yo soy un hombre sincero, de donde crece la palma',1201661645),
 (356,54,'see, i\'m nerdy in more ways than one.',1201661650),
 (357,54,'bio nerd!',1201661652),
 (358,53,'para bailar la bamba, se necesita un poco de gracia',1201661693),
 (359,54,'h.u.z.z.a.h.',1201661699),
 (360,55,'typey type',1201661728),
 (361,54,'juzgada! ',1201661778),
 (362,54,'boyfriends -- look \'em up -- they\'re all crazy.',1201661816),
 (363,54,'ny yankes are like 20 clark gables!',1201661844),
 (364,54,'lots of manly phermones',1201661859),
 (365,54,'and they \"swing\" mark...',1201661865),
 (366,54,'bat!',1201661868),
 (367,54,'bats!',1201661872),
 (368,53,'ooh, double entendre for the win',1201661877),
 (369,53,'wow',1201661885),
 (370,54,'hu.zz.ah!',1201661889),
 (371,54,'yummy, pies!',1201661897),
 (372,51,'this ',1201899026),
 (373,51,'this & that',1201899041),
 (374,51,'this&amp;that',1201899050),
 (375,51,'1 < 5',1201899063),
 (376,51,'',1201899067),
 (377,51,'< 3',1201899076),
 (378,51,',3',1201899080),
 (379,51,'',1201899082),
 (380,51,'',1201899128),
 (381,52,'<3',1201899373),
 (382,52,'This is bold!',1201899383),
 (383,48,'lkjasdlkfj',1201903605),
 (391,62,'hi',1213063111),
 (392,62,'ok',1213063113),
 (393,62,'that\'s a start!',1213063119),
 (394,48,'ncncnvx',1213489193),
 (395,48,'wah?',1213583476),
 (396,47,'l',1213583606),
 (397,63,'hello?',1234311540);
/*!40000 ALTER TABLE `chatlog` ENABLE KEYS */;


--
-- Definition of table `decks`
--

DROP TABLE IF EXISTS `decks`;
CREATE TABLE `decks` (
  `id` int(10) unsigned NOT NULL auto_increment,
  `name` char(100) NOT NULL,
  PRIMARY KEY  (`id`)
) ENGINE=InnoDB AUTO_INCREMENT=2 DEFAULT CHARSET=latin1;

--
-- Dumping data for table `decks`
--

/*!40000 ALTER TABLE `decks` DISABLE KEYS */;
INSERT INTO `decks` (`id`,`name`) VALUES 
 (1,'Default');
/*!40000 ALTER TABLE `decks` ENABLE KEYS */;


--
-- Definition of table `gamelog`
--

DROP TABLE IF EXISTS `gamelog`;
CREATE TABLE `gamelog` (
  `id` int(10) unsigned NOT NULL auto_increment,
  `room_id` int(10) unsigned NOT NULL,
  `player_id` int(10) unsigned NOT NULL,
  `type` varchar(20) NOT NULL,
  `extra_info` varchar(255) NOT NULL,
  PRIMARY KEY  (`id`),
  KEY `ROOM_INDEX` (`room_id`),
  KEY `FK_gamelog_players` (`player_id`),
  KEY `FK_gamelog_types` USING BTREE (`type`),
  CONSTRAINT `FK_gamelog_players` FOREIGN KEY (`player_id`) REFERENCES `players` (`id`) ON DELETE CASCADE ON UPDATE CASCADE,
  CONSTRAINT `FK_gamelog_rooms` FOREIGN KEY (`room_id`) REFERENCES `rooms` (`id`) ON DELETE CASCADE ON UPDATE CASCADE
) ENGINE=InnoDB DEFAULT CHARSET=latin1;

--
-- Dumping data for table `gamelog`
--

/*!40000 ALTER TABLE `gamelog` DISABLE KEYS */;
/*!40000 ALTER TABLE `gamelog` ENABLE KEYS */;


--
-- Definition of table `greencards`
--

DROP TABLE IF EXISTS `greencards`;
CREATE TABLE `greencards` (
  `id` int(10) unsigned NOT NULL auto_increment,
  `name` char(50) NOT NULL,
  `deck_id` int(10) unsigned NOT NULL,
  PRIMARY KEY  (`id`),
  KEY `FK_Greencard_Deck` (`deck_id`),
  CONSTRAINT `FK_Greencard_Deck` FOREIGN KEY (`deck_id`) REFERENCES `decks` (`id`) ON DELETE CASCADE ON UPDATE CASCADE
) ENGINE=InnoDB AUTO_INCREMENT=250 DEFAULT CHARSET=latin1;

--
-- Dumping data for table `greencards`
--

/*!40000 ALTER TABLE `greencards` DISABLE KEYS */;
INSERT INTO `greencards` (`id`,`name`,`deck_id`) VALUES 
 (1,'Absurd',1),
 (2,'Addictive',1),
 (3,'Adorable',1),
 (4,'Aged',1),
 (5,'American',1),
 (6,'Ancient',1),
 (7,'Animated',1),
 (8,'Annoying',1),
 (9,'Appetizing',1),
 (10,'Arrogant',1),
 (11,'Awesome',1),
 (12,'Awkward',1),
 (13,'Believable',1),
 (14,'Bogus',1),
 (15,'Boisterous',1),
 (16,'Bold',1),
 (17,'Boring',1),
 (18,'Bright',1),
 (19,'Brilliant',1),
 (20,'Busy',1),
 (21,'Calm',1),
 (22,'Casual',1),
 (23,'Charismatic',1),
 (24,'Charming',1),
 (25,'Cheesy',1),
 (26,'Chewy',1),
 (27,'Chunky',1),
 (28,'Classic',1),
 (29,'Clean',1),
 (30,'Clueless',1),
 (31,'Cold',1),
 (32,'Colorful',1),
 (33,'Comfortable',1),
 (34,'Comical',1),
 (35,'Complicated',1),
 (36,'Confused',1),
 (37,'Cool',1),
 (38,'Corrupt',1),
 (39,'Cosmic',1),
 (40,'Cosmopolitan',1),
 (41,'Courageous',1),
 (42,'Cowardly',1),
 (43,'Cranky',1),
 (44,'Crazed',1),
 (45,'Crazy',1),
 (46,'Creative',1),
 (47,'Creepy',1),
 (48,'Cruel',1),
 (49,'Cuddly',1),
 (50,'Cute',1),
 (51,'Dainty',1),
 (52,'Dangerous',1),
 (53,'Dead',1),
 (54,'Deadly',1),
 (55,'Delicate',1),
 (56,'Delicious',1),
 (57,'Delightful',1),
 (58,'Demanding',1),
 (59,'Depressing',1),
 (60,'Desperate',1),
 (61,'Dignified',1),
 (62,'Dirty',1),
 (63,'Distinguished',1),
 (64,'Disturbing',1),
 (65,'Dramatic',1),
 (66,'Dreamy',1),
 (67,'Dull',1),
 (68,'Dysfunctional',1),
 (69,'Earthy',1),
 (70,'Easy',1),
 (71,'Eccentric',1),
 (72,'Elitist',1),
 (73,'Emotional',1),
 (74,'Eternal',1),
 (75,'European',1),
 (76,'Exciting',1),
 (77,'Exhausting',1),
 (78,'Expensive',1),
 (79,'Explosive',1),
 (80,'Exquisite',1),
 (81,'Extreme',1),
 (82,'Fabulous',1),
 (83,'Fake',1),
 (84,'Fancy',1),
 (85,'Fantastic',1),
 (86,'Feminine',1),
 (87,'Filthy',1),
 (88,'Flirtatious',1),
 (89,'Foreign',1),
 (90,'Fragrant',1),
 (91,'Frazzled',1),
 (92,'Fresh',1),
 (93,'Friendly',1),
 (94,'Frightening',1),
 (95,'Frivolous',1),
 (96,'Funky',1),
 (97,'Funny',1),
 (98,'Furious',1),
 (99,'Fuzzy',1),
 (100,'Glamorous',1),
 (101,'Glitzy',1),
 (102,'Global',1),
 (103,'Glorious',1),
 (104,'Goody-Goody',1),
 (105,'Graceful',1),
 (106,'Handsome',1),
 (107,'Hardworking',1),
 (108,'Harmful',1),
 (109,'Haunting',1),
 (110,'Healthy',1),
 (111,'Heartless',1),
 (112,'Hilarious',1),
 (113,'Honorable',1),
 (114,'Hopeless',1),
 (115,'Horrifying',1),
 (116,'Hostile',1),
 (117,'Hot',1),
 (118,'Idiotic',1),
 (119,'Important',1),
 (120,'Industrious',1),
 (121,'Influential',1),
 (122,'Innocent',1),
 (123,'Insane',1),
 (124,'Inspirational',1),
 (125,'Insulting',1),
 (126,'Intelligent',1),
 (127,'Intense',1),
 (128,'Irresistible',1),
 (129,'Irritating',1),
 (130,'Juicy',1),
 (131,'Lazy',1),
 (132,'Legendary',1),
 (133,'Loud',1),
 (134,'Lovable',1),
 (135,'Lucky',1),
 (136,'Luscious',1),
 (137,'Luxurious',1),
 (138,'Magical',1),
 (139,'Manly',1),
 (140,'Masculine',1),
 (141,'Meek',1),
 (142,'Melodramatic',1),
 (143,'Mischievous',1),
 (144,'Miserable',1),
 (145,'Misunderstood',1),
 (146,'Mysterious',1),
 (147,'Mystical',1),
 (148,'Naive',1),
 (149,'Nasty',1),
 (150,'Natural',1),
 (151,'Neat',1),
 (152,'Neglected',1),
 (153,'Nerdy',1),
 (154,'Normal',1),
 (155,'Obnoxious',1),
 (156,'Odd',1),
 (157,'Offensive',1),
 (158,'Ordinary',1),
 (159,'Organic',1),
 (160,'Outrageous',1),
 (161,'Overwhelming',1),
 (162,'Painful',1),
 (163,'Pathetic',1),
 (164,'Patriotic',1),
 (165,'Peaceful',1),
 (166,'Perfect',1),
 (167,'Philosophical',1),
 (168,'Phony',1),
 (169,'Playful',1),
 (170,'Popular',1),
 (171,'Powerful',1),
 (172,'Primitive',1),
 (173,'Principled',1),
 (174,'Profound',1),
 (175,'Puffy',1),
 (176,'Pure',1),
 (177,'Quiet',1),
 (178,'Radiant',1),
 (179,'Radical',1),
 (180,'Rare',1),
 (181,'Realistic',1),
 (182,'Refined',1),
 (183,'Refreshing',1),
 (184,'Relaxing',1),
 (185,'Repulsive',1),
 (186,'Responsible',1),
 (187,'Revolutionary',1),
 (188,'Rich',1),
 (189,'Ridiculous',1),
 (190,'Risky',1),
 (191,'Rough',1),
 (192,'Saintly',1),
 (193,'Sappy',1),
 (194,'Scary',1),
 (195,'Scenic',1),
 (196,'Selfish',1),
 (197,'Senseless',1),
 (198,'Sensitive',1),
 (199,'Sensual',1),
 (200,'Sexy',1),
 (201,'Shallow',1),
 (202,'Sharp',1),
 (203,'Shiny',1),
 (204,'Shocking',1),
 (205,'Shy',1),
 (206,'Silly',1),
 (207,'Smart',1),
 (208,'Smelly',1),
 (209,'Smooth',1),
 (210,'Snappy',1),
 (211,'Soft',1),
 (212,'Speedy',1),
 (213,'Spicy',1),
 (214,'Spiritual',1),
 (215,'Spooky',1),
 (216,'Spunky',1),
 (217,'Squeaky Clean',1),
 (218,'Stereotyped',1),
 (219,'Stunning',1),
 (220,'Sultry',1),
 (221,'Sweet',1),
 (222,'Swift',1),
 (223,'Talented',1),
 (224,'Tame',1),
 (225,'Technological',1),
 (226,'Temperamental',1),
 (227,'Timeless',1),
 (228,'Touchy-Feely',1),
 (229,'Tough',1),
 (230,'Trustworthy',1),
 (231,'Twisted',1),
 (232,'Unbelievable',1),
 (233,'Unforgettable',1),
 (234,'Unhealthy',1),
 (235,'Unnatural',1),
 (236,'Unreal',1),
 (237,'Unscrupulous',1),
 (238,'Unusual',1),
 (239,'Useless',1),
 (240,'Violent',1),
 (241,'Virtuous',1),
 (242,'Visionary',1),
 (243,'Weird',1),
 (244,'Wicked',1),
 (245,'Wild',1),
 (246,'Witty',1),
 (247,'Woebegone',1),
 (248,'Worldly',1),
 (249,'Zany',1);
/*!40000 ALTER TABLE `greencards` ENABLE KEYS */;


--
-- Definition of table `hands`
--

DROP TABLE IF EXISTS `hands`;
CREATE TABLE `hands` (
  `player_id` int(10) unsigned NOT NULL,
  `card_id` int(10) unsigned NOT NULL,
  `card_order` int(10) unsigned NOT NULL,
  PRIMARY KEY  USING BTREE (`player_id`,`card_order`),
  KEY `FK_hands_cards` (`card_id`),
  CONSTRAINT `FK_hands_cards` FOREIGN KEY (`card_id`) REFERENCES `redcards` (`id`) ON DELETE CASCADE ON UPDATE CASCADE,
  CONSTRAINT `FK_hands_players` FOREIGN KEY (`player_id`) REFERENCES `players` (`id`) ON DELETE CASCADE
) ENGINE=InnoDB DEFAULT CHARSET=latin1;

--
-- Dumping data for table `hands`
--

/*!40000 ALTER TABLE `hands` DISABLE KEYS */;
INSERT INTO `hands` (`player_id`,`card_id`,`card_order`) VALUES 
 (62,2,1),
 (52,8,2),
 (53,9,6),
 (35,10,3),
 (54,10,3),
 (41,18,3),
 (55,18,4),
 (36,19,2),
 (30,22,0),
 (37,22,1),
 (35,24,5),
 (42,24,6),
 (50,30,5),
 (31,31,6),
 (42,31,5),
 (42,38,4),
 (49,38,6),
 (31,39,1),
 (41,42,0),
 (31,43,4),
 (37,44,3),
 (28,45,0),
 (55,47,3),
 (40,48,4),
 (38,52,5),
 (47,53,4),
 (37,55,2),
 (54,55,4),
 (51,56,5),
 (28,59,3),
 (47,60,1),
 (42,61,3),
 (35,62,2),
 (48,63,3),
 (42,64,0),
 (48,64,2),
 (52,67,6),
 (40,69,3),
 (51,69,0),
 (28,70,6),
 (52,72,0),
 (30,73,5),
 (53,77,3),
 (39,78,6),
 (47,78,6),
 (40,79,5),
 (49,79,0),
 (31,81,3),
 (38,82,1),
 (40,83,1),
 (41,86,2),
 (49,87,3),
 (52,87,5),
 (30,88,1),
 (29,89,3),
 (39,89,2),
 (36,93,6),
 (38,95,4),
 (54,96,1),
 (50,99,6),
 (48,100,4),
 (31,102,0),
 (39,103,3),
 (50,103,0),
 (51,107,3),
 (50,108,4),
 (52,108,4),
 (35,112,1),
 (38,113,6),
 (47,113,2),
 (53,113,1),
 (28,114,2),
 (30,114,3),
 (38,114,3),
 (48,114,5),
 (29,116,4),
 (35,117,0),
 (36,117,3),
 (62,117,2),
 (50,118,3),
 (52,118,1),
 (39,119,1),
 (51,120,6),
 (53,120,5),
 (51,121,1),
 (49,122,1),
 (52,123,3),
 (55,125,0),
 (30,126,4),
 (48,127,0),
 (53,127,2),
 (39,128,5),
 (35,131,6),
 (28,133,5),
 (36,134,4),
 (55,135,5),
 (62,135,5),
 (29,136,2),
 (31,137,5),
 (36,137,5),
 (55,137,2),
 (50,138,2),
 (54,138,5),
 (40,141,0),
 (29,142,5),
 (42,142,2),
 (28,143,4),
 (39,144,4),
 (62,145,0),
 (41,146,5),
 (47,146,5),
 (49,149,4),
 (49,150,2),
 (29,152,6),
 (29,153,1),
 (47,153,3),
 (38,154,0),
 (62,156,3),
 (35,157,4),
 (55,158,1),
 (37,162,5),
 (47,162,0),
 (54,162,6),
 (50,163,1),
 (36,167,1),
 (51,167,4),
 (37,168,6),
 (49,169,5),
 (53,170,4),
 (55,172,6),
 (29,173,0),
 (41,173,6),
 (40,174,2),
 (54,175,2),
 (41,176,1),
 (42,179,1),
 (28,180,1),
 (51,182,2),
 (54,184,0),
 (30,185,6),
 (39,185,0),
 (48,186,6),
 (48,187,1),
 (53,188,0),
 (41,191,4),
 (38,193,2),
 (37,194,0),
 (36,197,0),
 (30,198,2),
 (40,198,6);
/*!40000 ALTER TABLE `hands` ENABLE KEYS */;


--
-- Definition of table `ignores`
--

DROP TABLE IF EXISTS `ignores`;
CREATE TABLE `ignores` (
  `player_id` int(10) unsigned NOT NULL,
  `ignored_player_id` int(10) unsigned NOT NULL,
  PRIMARY KEY  (`player_id`,`ignored_player_id`),
  KEY `FK_ignores_2` (`ignored_player_id`),
  CONSTRAINT `FK_ignores_1` FOREIGN KEY (`player_id`) REFERENCES `players` (`id`) ON DELETE CASCADE,
  CONSTRAINT `FK_ignores_2` FOREIGN KEY (`ignored_player_id`) REFERENCES `players` (`id`) ON DELETE CASCADE
) ENGINE=InnoDB DEFAULT CHARSET=latin1;

--
-- Dumping data for table `ignores`
--

/*!40000 ALTER TABLE `ignores` DISABLE KEYS */;
/*!40000 ALTER TABLE `ignores` ENABLE KEYS */;


--
-- Definition of table `playedcards`
--

DROP TABLE IF EXISTS `playedcards`;
CREATE TABLE `playedcards` (
  `player_id` int(10) unsigned NOT NULL,
  `round` int(10) unsigned NOT NULL,
  `card_id` int(10) unsigned NOT NULL,
  `winner` tinyint(1) NOT NULL,
  `disabled` int(10) unsigned NOT NULL default '0',
  PRIMARY KEY  (`player_id`,`round`),
  KEY `FK_playedcards_cards` (`card_id`),
  CONSTRAINT `FK_playedcards_cards` FOREIGN KEY (`card_id`) REFERENCES `redcards` (`id`) ON DELETE CASCADE ON UPDATE CASCADE,
  CONSTRAINT `FK_playedcards_players` FOREIGN KEY (`player_id`) REFERENCES `players` (`id`) ON DELETE CASCADE
) ENGINE=InnoDB DEFAULT CHARSET=latin1;

--
-- Dumping data for table `playedcards`
--

/*!40000 ALTER TABLE `playedcards` DISABLE KEYS */;
INSERT INTO `playedcards` (`player_id`,`round`,`card_id`,`winner`,`disabled`) VALUES 
 (28,1,134,1,0),
 (30,1,196,1,0),
 (30,3,133,1,0),
 (30,5,157,1,0),
 (30,9,9,0,0),
 (30,11,188,0,0),
 (31,2,68,1,0),
 (31,4,176,1,0),
 (31,7,148,1,0),
 (31,8,83,1,0),
 (31,10,98,1,0),
 (36,1,192,0,0),
 (41,1,140,0,0),
 (42,1,127,0,0),
 (47,1,41,1,0),
 (47,3,190,1,0),
 (47,5,59,1,0),
 (47,7,101,1,0),
 (47,9,19,1,0),
 (47,11,166,1,0),
 (47,13,104,1,0),
 (47,15,54,1,0),
 (47,17,50,1,0),
 (47,19,180,1,0),
 (47,21,128,1,0),
 (48,2,3,1,0),
 (48,4,188,1,0),
 (48,6,130,1,0),
 (48,8,86,1,0),
 (48,10,97,1,0),
 (48,12,11,1,0),
 (48,14,124,1,0),
 (48,16,29,1,0),
 (48,18,177,1,0),
 (48,20,115,1,0),
 (48,22,131,1,0),
 (49,1,100,1,0),
 (49,3,179,1,0),
 (49,5,37,1,0),
 (49,7,73,1,0),
 (49,9,49,1,0),
 (49,11,102,1,0),
 (49,13,129,1,0),
 (49,15,196,1,0),
 (49,17,181,1,0),
 (49,19,29,1,0),
 (50,2,143,1,0),
 (50,4,192,1,0),
 (50,6,168,1,0),
 (50,8,47,1,0),
 (50,10,46,1,0),
 (50,12,125,1,0),
 (50,14,67,1,0),
 (50,16,147,1,0),
 (50,18,142,1,0),
 (50,20,45,1,0),
 (51,2,198,1,0),
 (51,4,46,1,0),
 (51,6,178,1,0),
 (51,8,70,1,0),
 (51,10,188,1,0),
 (51,12,76,1,0),
 (51,14,189,1,0),
 (51,16,116,1,0),
 (51,18,129,1,0),
 (51,20,48,1,0),
 (51,22,175,1,0),
 (52,1,88,1,0),
 (52,3,124,1,0),
 (52,5,146,1,0),
 (52,7,104,1,0),
 (52,9,101,1,0),
 (52,11,64,1,0),
 (52,13,31,1,0),
 (52,15,37,1,0),
 (52,19,85,1,0),
 (52,21,5,1,0),
 (52,23,32,1,0),
 (53,1,43,1,0),
 (53,2,46,0,0),
 (53,4,122,0,0),
 (53,5,156,1,0),
 (53,7,176,0,0),
 (53,8,114,1,0),
 (53,10,141,0,0),
 (53,11,88,1,0),
 (53,13,118,0,0),
 (53,14,63,1,0),
 (53,16,108,0,0),
 (53,17,27,0,0),
 (53,19,128,1,0),
 (54,1,147,0,0),
 (54,3,66,1,0),
 (54,4,81,1,0),
 (54,6,37,1,0),
 (54,7,111,1,0),
 (54,9,133,0,0),
 (54,10,56,1,0),
 (54,12,148,0,0),
 (54,13,75,1,0),
 (54,15,185,0,0),
 (54,16,179,1,0),
 (54,18,32,0,0),
 (54,19,39,0,0),
 (55,2,153,1,0),
 (55,3,61,0,0),
 (55,5,103,0,0),
 (55,6,42,0,0),
 (55,8,154,0,0),
 (55,9,189,1,0),
 (55,11,95,0,0),
 (55,12,54,1,0),
 (55,14,5,0,0),
 (55,15,85,1,0),
 (55,17,26,1,0),
 (55,18,180,1,0);
/*!40000 ALTER TABLE `playedcards` ENABLE KEYS */;


--
-- Definition of table `players`
--

DROP TABLE IF EXISTS `players`;
CREATE TABLE `players` (
  `id` int(10) unsigned NOT NULL auto_increment,
  `room_id` int(10) unsigned NOT NULL,
  `name` char(20) NOT NULL,
  `score` int(10) unsigned NOT NULL default '0',
  `is_away` tinyint(1) NOT NULL,
  `judge_order` int(10) unsigned NOT NULL default '0',
  `ip_address` char(15) NOT NULL,
  `password` char(6) NOT NULL,
  `color` char(6) NOT NULL,
  `is_creator` tinyint(1) NOT NULL,
  `last_seen` timestamp NOT NULL default CURRENT_TIMESTAMP on update CURRENT_TIMESTAMP,
  PRIMARY KEY  (`id`),
  KEY `FK_player_room` (`room_id`),
  CONSTRAINT `FK_player_room` FOREIGN KEY (`room_id`) REFERENCES `rooms` (`id`) ON DELETE CASCADE
) ENGINE=InnoDB AUTO_INCREMENT=64 DEFAULT CHARSET=latin1;

--
-- Dumping data for table `players`
--

/*!40000 ALTER TABLE `players` DISABLE KEYS */;
INSERT INTO `players` (`id`,`room_id`,`name`,`score`,`is_away`,`judge_order`,`ip_address`,`password`,`color`,`is_creator`,`last_seen`) VALUES 
 (28,15,'Mark 1',2,0,2,'127.0.0.1','30yl','d22405',1,'2009-01-13 21:01:26'),
 (29,15,'Mark 2',0,0,1,'127.0.0.1','ftqx','9af9cd',0,'2009-01-13 21:01:32'),
 (30,16,'Mark 1',4,0,2,'127.0.0.1','4us5','fdfcf7',1,'2009-01-13 21:01:39'),
 (31,16,'Mark 2',6,0,1,'127.0.0.1','d45e','41a3e',0,'2009-01-13 21:01:42'),
 (35,18,'Mark',0,0,1,'127.0.0.1','6p9b','1ae62c',1,'2009-01-13 21:01:45'),
 (36,19,'Mark O\\\'Reilly',0,0,6,'127.0.0.1','akl1','3d5f8a',1,'2009-02-08 23:20:13'),
 (37,19,'Mark O\\\'Neill',0,1,2,'127.0.0.1','00r','4e3ad8',0,'2009-02-08 22:12:27'),
 (38,19,'Mark O\\\'Malley',0,1,3,'127.0.0.1','mao5','dd7efd',0,'2009-02-08 22:12:27'),
 (39,19,'Mark the Fourth',0,1,7,'127.0.0.1','pcm','af43cf',0,'2009-01-17 16:31:26'),
 (40,19,'Mark again',0,1,1,'127.0.0.1','vb8n','57a69c',0,'2009-01-17 16:31:26'),
 (41,19,'Another Mark',0,1,4,'127.0.0.1','sck1','4ef9b6',0,'2009-01-22 22:17:20'),
 (42,19,'One more?',0,1,5,'127.0.0.1','0reu','db746d',0,'2009-01-23 19:18:35'),
 (47,24,'Mark 1',11,1,2,'67.194.35.236','lf6k','8c294a',1,'2008-10-11 21:13:27'),
 (48,24,'Mark 2',11,1,1,'67.194.35.236','5hbl','8899ef',0,'2008-10-11 21:13:27'),
 (49,25,'Mark',10,0,2,'127.0.0.1','snwe','bfff49',1,'2009-01-13 21:02:06'),
 (50,25,'Mark 2',10,0,1,'127.0.0.1','7fcb','234d82',0,'2009-01-13 21:02:07'),
 (51,26,'Mark 1',11,1,1,'141.213.223.8','q05n','e39209',1,'2008-10-11 21:13:27'),
 (52,26,'Mark 2',12,1,2,'141.211.202.143','vecp','e894da',0,'2008-10-11 21:13:27'),
 (53,27,'Mark',6,1,3,'141.213.222.50','3w4t','206d5c',1,'2008-10-11 21:13:27'),
 (54,27,'Jackie',7,1,2,'141.211.203.225','22jx','9836',0,'2008-10-11 21:13:27'),
 (55,27,'Liz',6,1,1,'141.211.203.226','844x','eb6d7',0,'2008-10-11 21:13:27'),
 (62,32,'Mark',0,1,1,'127.0.0.1','wmn','c38e18',1,'2009-01-22 22:06:45'),
 (63,33,'Mark',0,0,0,'127.0.0.1','861g','fd2049',1,'2009-02-10 19:20:59');
/*!40000 ALTER TABLE `players` ENABLE KEYS */;


--
-- Definition of table `redcards`
--

DROP TABLE IF EXISTS `redcards`;
CREATE TABLE `redcards` (
  `id` int(10) unsigned NOT NULL auto_increment,
  `name` char(50) NOT NULL,
  `deck_id` int(10) unsigned NOT NULL,
  PRIMARY KEY  (`id`),
  KEY `FK_Redcard_deck` (`deck_id`),
  CONSTRAINT `FK_Redcard_deck` FOREIGN KEY (`deck_id`) REFERENCES `decks` (`id`) ON DELETE CASCADE
) ENGINE=InnoDB AUTO_INCREMENT=200 DEFAULT CHARSET=latin1;

--
-- Dumping data for table `redcards`
--

/*!40000 ALTER TABLE `redcards` DISABLE KEYS */;
INSERT INTO `redcards` (`id`,`name`,`deck_id`) VALUES 
 (2,'A Dozen Red Roses',1),
 (3,'A Flat Tire',1),
 (4,'A Full Moon',1),
 (5,'A Honeymoon',1),
 (8,'Americans',1),
 (9,'Amputations',1),
 (10,'Anthony Hopkins',1),
 (11,'Apple Pie',1),
 (12,'Apples',1),
 (14,'Bad Dogs',1),
 (15,'Bankruptcy',1),
 (16,'Barfing',1),
 (17,'Bart Simpson',1),
 (18,'Bates Motel',1),
 (19,'Batman',1),
 (22,'Being In Love',1),
 (23,'Ben Stiller',1),
 (24,'Berlin',1),
 (25,'Body Surfing',1),
 (26,'Boyfriends',1),
 (27,'Brain Surgeons',1),
 (28,'Camping Trip',1),
 (29,'Chicken Pox',1),
 (30,'Chimpanzees',1),
 (31,'China',1),
 (32,'Clark Gable',1),
 (33,'Cleaning The Bathroom',1),
 (34,'Clowns',1),
 (35,'Cockroaches',1),
 (36,'Commuting',1),
 (37,'Computer Hackers',1),
 (38,'Confucius',1),
 (39,'Cow-Pies',1),
 (40,'Creamed Corn',1),
 (41,'Custer\'s Last Stand',1),
 (42,'Dark Alleys',1),
 (43,'Darth Vader',1),
 (44,'Deer Hunting',1),
 (45,'Demi Moore',1),
 (46,'Detroit',1),
 (47,'Disneyland',1),
 (48,'Divorce',1),
 (49,'Doctors',1),
 (50,'Doing The Dishes',1),
 (51,'E-Mail',1),
 (52,'Ear Wax',1),
 (53,'East Coast',1),
 (54,'Feminists',1),
 (55,'Firestorms',1),
 (56,'Fireworks',1),
 (57,'First Man On The Moon',1),
 (58,'Flipper',1),
 (59,'Freckles',1),
 (60,'Gall Bladder',1),
 (61,'Gang Members',1),
 (62,'Garth Brooks',1),
 (63,'Georgia O\'Keeffe',1),
 (64,'Gingko Trees',1),
 (65,'Girl Scouts',1),
 (66,'Girlfriends',1),
 (67,'Glaciers',1),
 (68,'Glazed Donuts',1),
 (69,'Going To Grandma\'s',1),
 (70,'Going To School',1),
 (71,'Going To The Dentist',1),
 (72,'Greenpeace',1),
 (73,'Halloween',1),
 (74,'Hangnails',1),
 (75,'Hawaii',1),
 (76,'HMOs',1),
 (77,'Homer Simpson',1),
 (78,'Hot Lava',1),
 (79,'Hummingbirds',1),
 (80,'Humphrey Bogart',1),
 (81,'Icebergs',1),
 (82,'India',1),
 (83,'Intellectuals',1),
 (84,'Jack Nicholson',1),
 (85,'Jackie Chan',1),
 (86,'Japan',1),
 (87,'Japanese',1),
 (88,'Jerry Springer',1),
 (89,'Jesse Ventura',1),
 (90,'Jimmy Stewart',1),
 (91,'Joan Of Arc',1),
 (92,'Judge Judy',1),
 (93,'Julia Roberts',1),
 (94,'Keanu Reeves',1),
 (95,'Knock-Knock Jokes',1),
 (96,'Labor Unions',1),
 (97,'Lawyers',1),
 (98,'Lemons',1),
 (99,'Lenin\'s Tomb',1),
 (100,'London',1),
 (101,'Losing Your Job',1),
 (102,'Mad Cow Disease',1),
 (103,'Magic Tricks',1),
 (104,'Manhattan',1),
 (105,'Mardi Gras',1),
 (106,'Marriage',1),
 (107,'Meg Ryan',1),
 (108,'Men In Black',1),
 (109,'Mice',1),
 (110,'Michelle Pfeiffer',1),
 (111,'Microsoft',1),
 (112,'Mold',1),
 (113,'My Dreams',1),
 (114,'My Family',1),
 (115,'My Future',1),
 (116,'My High School Prom',1),
 (117,'My Mind',1),
 (118,'My Neighborhood',1),
 (119,'My Past',1),
 (120,'My Personality',1),
 (121,'My Refrigerator',1),
 (122,'New York City',1),
 (123,'Noisy Neighbors',1),
 (124,'Nuclear Power Plants',1),
 (125,'NYPD',1),
 (126,'Oxygen',1),
 (127,'Pigs',1),
 (128,'Pirates',1),
 (129,'Playing Chess',1),
 (130,'Princess Di',1),
 (131,'Pro Wrestling',1),
 (132,'Puff Daddy',1),
 (133,'Pulling Weeds',1),
 (134,'Quicksand',1),
 (135,'Rainbows',1),
 (136,'Rappers',1),
 (137,'Recreational Vehicles',1),
 (138,'Remote Controls',1),
 (139,'Republicans',1),
 (140,'Richard Nixon',1),
 (141,'Road Kill',1),
 (142,'Rock and Roll',1),
 (143,'Rock Concert',1),
 (144,'Rocket Scientists',1),
 (145,'Rolling The Car',1),
 (146,'Roman Numerals',1),
 (147,'Romeo And Juliet',1),
 (148,'Root Beer Floats',1),
 (149,'Rosie O\'Donnell',1),
 (150,'Russia',1),
 (151,'San Francisco',1),
 (152,'Saturn',1),
 (153,'Scavenger Hunt',1),
 (154,'Schindler\'s List',1),
 (155,'Shania Twain',1),
 (156,'Silly Putty',1),
 (157,'Skateboarding',1),
 (158,'Sleeping Pills',1),
 (159,'Smithsonian Institution',1),
 (160,'Speeding Tickets',1),
 (161,'Stephen King',1),
 (162,'Steven Spielberg',1),
 (163,'Stubbed Toes',1),
 (164,'Summer Camp',1),
 (165,'Taking A Bath',1),
 (166,'Telemarketers',1),
 (167,'The 1960s',1),
 (168,'The 1980s',1),
 (169,'The Beatles',1),
 (170,'The CIA',1),
 (171,'The Eiffel Tower',1),
 (172,'The End Of The World',1),
 (173,'The FBI',1),
 (174,'The Godfather',1),
 (175,'The Grand Canyon',1),
 (176,'The KKK',1),
 (177,'The Land Of Oz',1),
 (178,'The Midwest',1),
 (179,'The Mississippi River',1),
 (180,'The New York Yankees',1),
 (181,'The NRA',1),
 (182,'The Ocean',1),
 (183,'The Old Man And The Sea',1),
 (184,'The Opera',1),
 (185,'The San Andreas Fault',1),
 (186,'The South',1),
 (187,'The YMCA',1),
 (188,'Toasters',1),
 (189,'Tobacco Companies',1),
 (190,'Toys',1),
 (191,'Truck Stops',1),
 (192,'Underwear',1),
 (193,'Vacations',1),
 (194,'Violins',1),
 (195,'Water Parks',1),
 (196,'Waterfalls',1),
 (197,'Wheat',1),
 (198,'Will Smith',1),
 (199,'Women\'s Soccer',1);
/*!40000 ALTER TABLE `redcards` ENABLE KEYS */;


--
-- Definition of table `roomgreencards`
--

DROP TABLE IF EXISTS `roomgreencards`;
CREATE TABLE `roomgreencards` (
  `room_id` int(10) unsigned NOT NULL,
  `card_id` int(10) unsigned NOT NULL,
  `card_order` int(10) unsigned NOT NULL,
  PRIMARY KEY  USING BTREE (`room_id`,`card_order`),
  KEY `FK_roomgreencards_cards` (`card_id`),
  CONSTRAINT `FK_roomgreencards_cards` FOREIGN KEY (`card_id`) REFERENCES `greencards` (`id`) ON DELETE CASCADE ON UPDATE CASCADE,
  CONSTRAINT `FK_roomgreencards_rooms` FOREIGN KEY (`room_id`) REFERENCES `rooms` (`id`) ON DELETE CASCADE
) ENGINE=InnoDB DEFAULT CHARSET=latin1;

--
-- Dumping data for table `roomgreencards`
--

/*!40000 ALTER TABLE `roomgreencards` DISABLE KEYS */;
INSERT INTO `roomgreencards` (`room_id`,`card_id`,`card_order`) VALUES 
 (15,1,1),
 (16,1,1),
 (18,1,123),
 (19,1,151),
 (24,1,150),
 (25,1,89),
 (26,1,127),
 (27,1,50),
 (32,1,23),
 (33,1,166),
 (15,2,2),
 (16,2,2),
 (18,2,140),
 (19,2,140),
 (24,2,80),
 (25,2,174),
 (26,2,193),
 (27,2,207),
 (32,2,182),
 (33,2,74),
 (15,3,3),
 (16,3,3),
 (18,3,86),
 (19,3,104),
 (24,3,114),
 (25,3,194),
 (26,3,183),
 (27,3,246),
 (32,3,200),
 (33,3,149),
 (15,4,4),
 (16,4,4),
 (18,4,18),
 (19,4,197),
 (24,4,201),
 (25,4,94),
 (26,4,8),
 (27,4,147),
 (32,4,60),
 (33,4,8),
 (15,5,5),
 (16,5,5),
 (18,5,180),
 (19,5,139),
 (24,5,14),
 (25,5,101),
 (26,5,190),
 (27,5,146),
 (32,5,91),
 (33,5,165),
 (15,6,6),
 (16,6,6),
 (18,6,132),
 (19,6,135),
 (24,6,8),
 (25,6,74),
 (26,6,232),
 (27,6,43),
 (32,6,224),
 (33,6,127),
 (15,7,7),
 (16,7,7),
 (18,7,107),
 (19,7,225),
 (24,7,200),
 (25,7,73),
 (26,7,185),
 (27,7,10),
 (32,7,112),
 (33,7,53),
 (15,8,8),
 (16,8,8),
 (18,8,131),
 (19,8,8),
 (24,8,48),
 (25,8,161),
 (26,8,207),
 (27,8,245),
 (32,8,18),
 (33,8,239),
 (15,9,9),
 (16,9,9),
 (18,9,121),
 (19,9,75),
 (24,9,171),
 (25,9,187),
 (26,9,59),
 (27,9,178),
 (32,9,177),
 (33,9,143),
 (15,10,10),
 (16,10,10),
 (18,10,217),
 (19,10,157),
 (24,10,88),
 (25,10,61),
 (26,10,57),
 (27,10,105),
 (32,10,217),
 (33,10,169),
 (15,11,11),
 (16,11,11),
 (18,11,69),
 (19,11,165),
 (24,11,56),
 (25,11,157),
 (26,11,43),
 (27,11,72),
 (32,11,201),
 (33,11,161),
 (15,12,12),
 (16,12,12),
 (18,12,70),
 (19,12,136),
 (24,12,248),
 (25,12,219),
 (26,12,243),
 (27,12,45),
 (32,12,244),
 (33,12,190),
 (15,13,13),
 (16,13,13),
 (18,13,62),
 (19,13,53),
 (24,13,71),
 (25,13,156),
 (26,13,219),
 (27,13,38),
 (32,13,161),
 (33,13,21),
 (15,14,14),
 (16,14,14),
 (18,14,152),
 (19,14,68),
 (24,14,202),
 (25,14,17),
 (26,14,76),
 (27,14,34),
 (32,14,163),
 (33,14,45),
 (15,15,15),
 (16,15,15),
 (18,15,241),
 (19,15,231),
 (24,15,221),
 (25,15,6),
 (26,15,32),
 (27,15,60),
 (32,15,239),
 (33,15,11),
 (15,16,16),
 (16,16,16),
 (18,16,186),
 (19,16,95),
 (24,16,94),
 (25,16,204),
 (26,16,114),
 (27,16,65),
 (32,16,225),
 (33,16,206),
 (15,17,17),
 (16,17,17),
 (18,17,197),
 (19,17,61),
 (24,17,148),
 (25,17,167),
 (26,17,85),
 (27,17,8),
 (32,17,42),
 (33,17,39),
 (15,18,18),
 (16,18,18),
 (18,18,137),
 (19,18,62),
 (24,18,20),
 (25,18,231),
 (26,18,60),
 (27,18,32),
 (32,18,123),
 (33,18,130),
 (15,19,19),
 (16,19,19),
 (18,19,139),
 (19,19,227),
 (24,19,85),
 (25,19,79),
 (26,19,110),
 (27,19,187),
 (32,19,158),
 (33,19,33),
 (15,20,20),
 (16,20,20),
 (18,20,138),
 (19,20,248),
 (24,20,109),
 (25,20,8),
 (26,20,77),
 (27,20,98),
 (32,20,27),
 (33,20,244),
 (15,21,21),
 (16,21,21),
 (18,21,128),
 (19,21,204),
 (24,21,5),
 (25,21,224),
 (26,21,246),
 (27,21,182),
 (32,21,6),
 (33,21,125),
 (15,22,22),
 (16,22,22),
 (18,22,156),
 (19,22,217),
 (24,22,174),
 (25,22,143),
 (26,22,229),
 (27,22,152),
 (32,22,171),
 (33,22,226),
 (15,23,23),
 (16,23,23),
 (18,23,124),
 (19,23,120),
 (24,23,243),
 (25,23,111),
 (26,23,213),
 (27,23,201),
 (32,23,62),
 (33,23,217),
 (15,24,24),
 (16,24,24),
 (18,24,46),
 (19,24,111),
 (24,24,128),
 (25,24,139),
 (26,24,28),
 (27,24,113),
 (32,24,172),
 (33,24,19),
 (15,25,25),
 (16,25,25),
 (18,25,249),
 (19,25,146),
 (24,25,142),
 (25,25,198),
 (26,25,98),
 (27,25,96),
 (32,25,143),
 (33,25,31),
 (15,26,26),
 (16,26,26),
 (18,26,120),
 (19,26,117),
 (24,26,214),
 (25,26,77),
 (26,26,5),
 (27,26,232),
 (32,26,223),
 (33,26,137),
 (15,27,27),
 (16,27,27),
 (18,27,242),
 (19,27,245),
 (24,27,185),
 (25,27,92),
 (26,27,69),
 (27,27,162),
 (32,27,35),
 (33,27,29),
 (15,28,28),
 (16,28,28),
 (18,28,68),
 (19,28,69),
 (24,28,33),
 (25,28,228),
 (26,28,178),
 (27,28,195),
 (32,28,49),
 (33,28,191),
 (15,29,29),
 (16,29,29),
 (18,29,188),
 (19,29,59),
 (24,29,205),
 (25,29,53),
 (26,29,151),
 (27,29,76),
 (32,29,67),
 (33,29,139),
 (15,30,30),
 (16,30,30),
 (18,30,116),
 (19,30,156),
 (24,30,83),
 (25,30,171),
 (26,30,212),
 (27,30,58),
 (32,30,214),
 (33,30,80),
 (15,31,31),
 (16,31,31),
 (18,31,213),
 (19,31,129),
 (24,31,117),
 (25,31,218),
 (26,31,156),
 (27,31,12),
 (32,31,167),
 (33,31,121),
 (15,32,32),
 (16,32,32),
 (18,32,159),
 (19,32,159),
 (24,32,75),
 (25,32,128),
 (26,32,157),
 (27,32,103),
 (32,32,145),
 (33,32,183),
 (15,33,33),
 (16,33,33),
 (18,33,4),
 (19,33,50),
 (24,33,38),
 (25,33,197),
 (26,33,53),
 (27,33,107),
 (32,33,104),
 (33,33,196),
 (15,34,34),
 (16,34,34),
 (18,34,196),
 (19,34,38),
 (24,34,172),
 (25,34,188),
 (26,34,90),
 (27,34,229),
 (32,34,185),
 (33,34,24),
 (15,35,35),
 (16,35,35),
 (18,35,234),
 (19,35,122),
 (24,35,50),
 (25,35,48),
 (26,35,93),
 (27,35,208),
 (32,35,21),
 (33,35,237),
 (15,36,36),
 (16,36,36),
 (18,36,39),
 (19,36,149),
 (24,36,211),
 (25,36,175),
 (26,36,245),
 (27,36,67),
 (32,36,63),
 (33,36,26),
 (15,37,37),
 (16,37,37),
 (18,37,108),
 (19,37,158),
 (24,37,30),
 (25,37,29),
 (26,37,196),
 (27,37,248),
 (32,37,72),
 (33,37,58),
 (15,38,38),
 (16,38,38),
 (18,38,192),
 (19,38,86),
 (24,38,21),
 (25,38,195),
 (26,38,80),
 (27,38,241),
 (32,38,220),
 (33,38,138),
 (15,39,39),
 (16,39,39),
 (18,39,233),
 (19,39,211),
 (24,39,113),
 (25,39,25),
 (26,39,112),
 (27,39,192),
 (32,39,111),
 (33,39,65),
 (15,40,40),
 (16,40,40),
 (18,40,176),
 (19,40,7),
 (24,40,225),
 (25,40,202),
 (26,40,194),
 (27,40,221),
 (32,40,150),
 (33,40,103),
 (15,41,41),
 (16,41,41),
 (18,41,80),
 (19,41,58),
 (24,41,126),
 (25,41,190),
 (26,41,120),
 (27,41,120),
 (32,41,64),
 (33,41,66),
 (15,42,42),
 (16,42,42),
 (18,42,239),
 (19,42,85),
 (24,42,32),
 (25,42,96),
 (26,42,39),
 (27,42,33),
 (32,42,43),
 (33,42,155),
 (15,43,43),
 (16,43,43),
 (18,43,43),
 (19,43,224),
 (24,43,154),
 (25,43,162),
 (26,43,121),
 (27,43,90),
 (32,43,166),
 (33,43,100),
 (15,44,44),
 (16,44,44),
 (18,44,117),
 (19,44,32),
 (24,44,220),
 (25,44,213),
 (26,44,145),
 (27,44,139),
 (32,44,37),
 (33,44,76),
 (15,45,45),
 (16,45,45),
 (18,45,226),
 (19,45,88),
 (24,45,24),
 (25,45,206),
 (26,45,66),
 (27,45,142),
 (32,45,66),
 (33,45,64),
 (15,46,46),
 (16,46,46),
 (18,46,11),
 (19,46,214),
 (24,46,231),
 (25,46,232),
 (26,46,152),
 (27,46,125),
 (32,46,174),
 (33,46,18),
 (15,47,47),
 (16,47,47),
 (18,47,148),
 (19,47,81),
 (24,47,215),
 (25,47,78),
 (26,47,61),
 (27,47,70),
 (32,47,235),
 (33,47,203),
 (15,48,48),
 (16,48,48),
 (18,48,157),
 (19,48,221),
 (24,48,79),
 (25,48,105),
 (26,48,88),
 (27,48,26),
 (32,48,84),
 (33,48,214),
 (15,49,49),
 (16,49,49),
 (18,49,154),
 (19,49,100),
 (24,49,143),
 (25,49,221),
 (26,49,65),
 (27,49,197),
 (32,49,222),
 (33,49,215),
 (15,50,50),
 (16,50,50),
 (18,50,133),
 (19,50,115),
 (24,50,103),
 (25,50,57),
 (26,50,197),
 (27,50,224),
 (32,50,202),
 (33,50,6),
 (15,51,51),
 (16,51,51),
 (18,51,228),
 (19,51,126),
 (24,51,244),
 (25,51,97),
 (26,51,208),
 (27,51,116),
 (32,51,198),
 (33,51,36),
 (15,52,52),
 (16,52,52),
 (18,52,145),
 (19,52,131),
 (24,52,105),
 (25,52,115),
 (26,52,64),
 (27,52,121),
 (32,52,86),
 (33,52,235),
 (15,53,53),
 (16,53,53),
 (18,53,10),
 (19,53,16),
 (24,53,31),
 (25,53,124),
 (26,53,176),
 (27,53,143),
 (32,53,65),
 (33,53,241),
 (15,54,54),
 (16,54,54),
 (18,54,21),
 (19,54,20),
 (24,54,9),
 (25,54,36),
 (26,54,195),
 (27,54,156),
 (32,54,229),
 (33,54,221),
 (15,55,55),
 (16,55,55),
 (18,55,189),
 (19,55,98),
 (24,55,108),
 (25,55,114),
 (26,55,7),
 (27,55,155),
 (32,55,32),
 (33,55,109),
 (15,56,56),
 (16,56,56),
 (18,56,88),
 (19,56,64),
 (24,56,197),
 (25,56,110),
 (26,56,167),
 (27,56,148),
 (32,56,109),
 (33,56,12),
 (15,57,57),
 (16,57,57),
 (18,57,209),
 (19,57,105),
 (24,57,203),
 (25,57,68),
 (26,57,44),
 (27,57,179),
 (32,57,120),
 (33,57,116),
 (15,58,58),
 (16,58,58),
 (18,58,153),
 (19,58,196),
 (24,58,212),
 (25,58,121),
 (26,58,144),
 (27,58,150),
 (32,58,101),
 (33,58,128),
 (15,59,59),
 (16,59,59),
 (18,59,244),
 (19,59,99),
 (24,59,207),
 (25,59,93),
 (26,59,136),
 (27,59,184),
 (32,59,180),
 (33,59,164),
 (15,60,60),
 (16,60,60),
 (18,60,238),
 (19,60,14),
 (24,60,81),
 (25,60,47),
 (26,60,140),
 (27,60,86),
 (32,60,52),
 (33,60,115),
 (15,61,61),
 (16,61,61),
 (18,61,102),
 (19,61,80),
 (24,61,246),
 (25,61,168),
 (26,61,118),
 (27,61,131),
 (32,61,71),
 (33,61,245),
 (15,62,62),
 (16,62,62),
 (18,62,177),
 (19,62,194),
 (24,62,165),
 (25,62,117),
 (26,62,218),
 (27,62,211),
 (32,62,12),
 (33,62,95),
 (15,63,63),
 (16,63,63),
 (18,63,161),
 (19,63,57),
 (24,63,41),
 (25,63,49),
 (26,63,13),
 (27,63,138),
 (32,63,89),
 (33,63,247),
 (15,64,64),
 (16,64,64),
 (18,64,193),
 (19,64,236),
 (24,64,222),
 (25,64,10),
 (26,64,216),
 (27,64,165),
 (32,64,41),
 (33,64,163),
 (15,65,65),
 (16,65,65),
 (18,65,64),
 (19,65,186),
 (24,65,161),
 (25,65,90),
 (26,65,113),
 (27,65,30),
 (32,65,196),
 (33,65,123),
 (15,66,66),
 (16,66,66),
 (18,66,91),
 (19,66,180),
 (24,66,49),
 (25,66,118),
 (26,66,223),
 (27,66,22),
 (32,66,93),
 (33,66,17),
 (15,67,67),
 (16,67,67),
 (18,67,98),
 (19,67,74),
 (24,67,228),
 (25,67,142),
 (26,67,184),
 (27,67,157),
 (32,67,90),
 (33,67,71),
 (15,68,68),
 (16,68,68),
 (18,68,99),
 (19,68,106),
 (24,68,191),
 (25,68,225),
 (26,68,134),
 (27,68,134),
 (32,68,50),
 (33,68,229),
 (15,69,69),
 (16,69,69),
 (18,69,175),
 (19,69,29),
 (24,69,124),
 (25,69,244),
 (26,69,125),
 (27,69,158),
 (32,69,7),
 (33,69,105),
 (15,70,70),
 (16,70,70),
 (18,70,76),
 (19,70,76),
 (24,70,86),
 (25,70,210),
 (26,70,200),
 (27,70,188),
 (32,70,136),
 (33,70,112),
 (15,71,71),
 (16,71,71),
 (18,71,56),
 (19,71,65),
 (24,71,179),
 (25,71,173),
 (26,71,205),
 (27,71,81),
 (32,71,58),
 (33,71,5),
 (15,72,72),
 (16,72,72),
 (18,72,73),
 (19,72,174),
 (24,72,204),
 (25,72,21),
 (26,72,189),
 (27,72,119),
 (32,72,135),
 (33,72,16),
 (15,73,73),
 (16,73,73),
 (18,73,246),
 (19,73,210),
 (24,73,40),
 (25,73,233),
 (26,73,70),
 (27,73,214),
 (32,73,129),
 (33,73,59),
 (15,74,74),
 (16,74,74),
 (18,74,19),
 (19,74,54),
 (24,74,152),
 (25,74,67),
 (26,74,171),
 (27,74,159),
 (32,74,242),
 (33,74,168),
 (15,75,75),
 (16,75,75),
 (18,75,182),
 (19,75,110),
 (24,75,58),
 (25,75,144),
 (26,75,21),
 (27,75,64),
 (32,75,95),
 (33,75,150),
 (15,76,76),
 (16,76,76),
 (18,76,199),
 (19,76,163),
 (24,76,78),
 (25,76,16),
 (26,76,68),
 (27,76,112),
 (32,76,38),
 (33,76,126),
 (15,77,77),
 (16,77,77),
 (18,77,165),
 (19,77,4),
 (24,77,57),
 (25,77,216),
 (26,77,81),
 (27,77,189),
 (32,77,107),
 (33,77,61),
 (15,78,78),
 (16,78,78),
 (18,78,215),
 (19,78,6),
 (24,78,115),
 (25,78,81),
 (26,78,14),
 (27,78,97),
 (32,78,118),
 (33,78,231),
 (15,79,79),
 (16,79,79),
 (18,79,130),
 (19,79,96),
 (24,79,139),
 (25,79,84),
 (26,79,231),
 (27,79,172),
 (32,79,193),
 (33,79,154),
 (15,80,80),
 (16,80,80),
 (18,80,50),
 (19,80,169),
 (24,80,52),
 (25,80,147),
 (26,80,91),
 (27,80,51),
 (32,80,213),
 (33,80,90),
 (15,81,81),
 (16,81,81),
 (18,81,105),
 (19,81,23),
 (24,81,43),
 (25,81,222),
 (26,81,199),
 (27,81,168),
 (32,81,68),
 (33,81,135),
 (15,82,82),
 (16,82,82),
 (18,82,14),
 (19,82,185),
 (24,82,73),
 (25,82,196),
 (26,82,46),
 (27,82,171),
 (32,82,48),
 (33,82,68),
 (15,83,83),
 (16,83,83),
 (18,83,243),
 (19,83,1),
 (24,83,61),
 (25,83,103),
 (26,83,181),
 (27,83,59),
 (32,83,215),
 (33,83,25),
 (15,84,84),
 (16,84,84),
 (18,84,45),
 (19,84,2),
 (24,84,28),
 (25,84,60),
 (26,84,247),
 (27,84,100),
 (32,84,76),
 (33,84,145),
 (15,85,85),
 (16,85,85),
 (18,85,127),
 (19,85,230),
 (24,85,242),
 (25,85,107),
 (26,85,42),
 (27,85,204),
 (32,85,228),
 (33,85,218),
 (15,86,86),
 (16,86,86),
 (18,86,100),
 (19,86,3),
 (24,86,23),
 (25,86,34),
 (26,86,155),
 (27,86,14),
 (32,86,59),
 (33,86,160),
 (15,87,87),
 (16,87,87),
 (18,87,198),
 (19,87,83),
 (24,87,224),
 (25,87,138),
 (26,87,130),
 (27,87,25),
 (32,87,28),
 (33,87,175),
 (15,88,88),
 (16,88,88),
 (18,88,146),
 (19,88,102),
 (24,88,54),
 (25,88,140),
 (26,88,182),
 (27,88,79),
 (32,88,199),
 (33,88,32),
 (15,89,89),
 (16,89,89),
 (18,89,218),
 (19,89,10),
 (24,89,102),
 (25,89,158),
 (26,89,202),
 (27,89,55),
 (32,89,131),
 (33,89,81),
 (15,90,90),
 (16,90,90),
 (18,90,58),
 (19,90,219),
 (24,90,39),
 (25,90,42),
 (26,90,188),
 (27,90,249),
 (32,90,116),
 (33,90,131),
 (15,91,91),
 (16,91,91),
 (18,91,190),
 (19,91,150),
 (24,91,13),
 (25,91,83),
 (26,91,105),
 (27,91,106),
 (32,91,208),
 (33,91,28),
 (15,92,92),
 (16,92,92),
 (18,92,195),
 (19,92,114),
 (24,92,232),
 (25,92,12),
 (26,92,2),
 (27,92,36),
 (32,92,175),
 (33,92,57),
 (15,93,93),
 (16,93,93),
 (18,93,211),
 (19,93,42),
 (24,93,67),
 (25,93,129),
 (26,93,1),
 (27,93,163),
 (32,93,125),
 (33,93,101),
 (15,94,94),
 (16,94,94),
 (18,94,61),
 (19,94,118),
 (24,94,237),
 (25,94,184),
 (26,94,16),
 (27,94,54),
 (32,94,231),
 (33,94,208),
 (15,95,95),
 (16,95,95),
 (18,95,55),
 (19,95,143),
 (24,95,68),
 (25,95,247),
 (26,95,128),
 (27,95,85),
 (32,95,230),
 (33,95,44),
 (15,96,96),
 (16,96,96),
 (18,96,151),
 (19,96,240),
 (24,96,16),
 (25,96,133),
 (26,96,211),
 (27,96,39),
 (32,96,22),
 (33,96,54),
 (15,97,97),
 (16,97,97),
 (18,97,135),
 (19,97,235),
 (24,97,59),
 (25,97,72),
 (26,97,83),
 (27,97,164),
 (32,97,15),
 (33,97,107),
 (15,98,98),
 (16,98,98),
 (18,98,79),
 (19,98,79),
 (24,98,234),
 (25,98,40),
 (26,98,168),
 (27,98,226),
 (32,98,24),
 (33,98,108),
 (15,99,99),
 (16,99,99),
 (18,99,1),
 (19,99,198),
 (24,99,240),
 (25,99,33),
 (26,99,233),
 (27,99,240),
 (32,99,79),
 (33,99,147),
 (15,100,100),
 (16,100,100),
 (18,100,125),
 (19,100,183),
 (24,100,104),
 (25,100,82),
 (26,100,222),
 (27,100,220),
 (32,100,128),
 (33,100,67),
 (15,101,101),
 (16,101,101),
 (18,101,97),
 (19,101,220),
 (24,101,69),
 (25,101,52),
 (26,101,248),
 (27,101,13),
 (32,101,168),
 (33,101,173),
 (15,102,102),
 (16,102,102),
 (18,102,201),
 (19,102,171),
 (24,102,89),
 (25,102,177),
 (26,102,137),
 (27,102,80),
 (32,102,2),
 (33,102,192),
 (15,103,103),
 (16,103,103),
 (18,103,158),
 (19,103,15),
 (24,103,95),
 (25,103,102),
 (26,103,6),
 (27,103,110),
 (32,103,114),
 (33,103,83),
 (15,104,104),
 (16,104,104),
 (18,104,2),
 (19,104,162),
 (24,104,206),
 (25,104,95),
 (26,104,123),
 (27,104,122),
 (32,104,73),
 (33,104,20),
 (15,105,105),
 (16,105,105),
 (18,105,191),
 (19,105,141),
 (24,105,180),
 (25,105,148),
 (26,105,142),
 (27,105,198),
 (32,105,78),
 (33,105,63),
 (15,106,106),
 (16,106,106),
 (18,106,40),
 (19,106,33),
 (24,106,72),
 (25,106,26),
 (26,106,73),
 (27,106,18),
 (32,106,219),
 (33,106,182),
 (15,107,107),
 (16,107,107),
 (18,107,78),
 (19,107,18),
 (24,107,47),
 (25,107,35),
 (26,107,161),
 (27,107,243),
 (32,107,126),
 (33,107,70),
 (15,108,108),
 (16,108,108),
 (18,108,187),
 (19,108,46),
 (24,108,226),
 (25,108,205),
 (26,108,94),
 (27,108,9),
 (32,108,152),
 (33,108,132),
 (15,109,109),
 (16,109,109),
 (18,109,174),
 (19,109,155),
 (24,109,70),
 (25,109,186),
 (26,109,9),
 (27,109,77),
 (32,109,146),
 (33,109,69),
 (15,110,110),
 (16,110,110),
 (18,110,147),
 (19,110,232),
 (24,110,135),
 (25,110,125),
 (26,110,146),
 (27,110,238),
 (32,110,81),
 (33,110,159),
 (15,111,111),
 (16,111,111),
 (18,111,232),
 (19,111,188),
 (24,111,119),
 (25,111,45),
 (26,111,54),
 (27,111,199),
 (32,111,205),
 (33,111,140),
 (15,112,112),
 (16,112,112),
 (18,112,205),
 (19,112,109),
 (24,112,236),
 (25,112,91),
 (26,112,29),
 (27,112,145),
 (32,112,176),
 (33,112,7),
 (15,113,113),
 (16,113,113),
 (18,113,26),
 (19,113,215),
 (24,113,230),
 (25,113,132),
 (26,113,165),
 (27,113,40),
 (32,113,142),
 (33,113,232),
 (15,114,114),
 (16,114,114),
 (18,114,109),
 (19,114,26),
 (24,114,210),
 (25,114,163),
 (26,114,160),
 (27,114,140),
 (32,114,195),
 (33,114,195),
 (15,115,115),
 (16,115,115),
 (18,115,30),
 (19,115,242),
 (24,115,96),
 (25,115,20),
 (26,115,239),
 (27,115,91),
 (32,115,237),
 (33,115,92),
 (15,116,116),
 (16,116,116),
 (18,116,66),
 (19,116,9),
 (24,116,4),
 (25,116,248),
 (26,116,238),
 (27,116,223),
 (32,116,209),
 (33,116,211),
 (15,117,117),
 (16,117,117),
 (18,117,221),
 (19,117,66),
 (24,117,51),
 (25,117,145),
 (26,117,104),
 (27,117,27),
 (32,117,165),
 (33,117,1),
 (15,118,118),
 (16,118,118),
 (18,118,12),
 (19,118,78),
 (24,118,77),
 (25,118,226),
 (26,118,226),
 (27,118,123),
 (32,118,70),
 (33,118,89),
 (15,119,119),
 (16,119,119),
 (18,119,20),
 (19,119,137),
 (24,119,223),
 (25,119,5),
 (26,119,103),
 (27,119,52),
 (32,119,183),
 (33,119,43),
 (15,120,120),
 (16,120,120),
 (18,120,144),
 (19,120,35),
 (24,120,64),
 (25,120,69),
 (26,120,203),
 (27,120,180),
 (32,120,206),
 (33,120,52),
 (15,121,121),
 (16,121,121),
 (18,121,212),
 (19,121,212),
 (24,121,196),
 (25,121,239),
 (26,121,72),
 (27,121,29),
 (32,121,233),
 (33,121,85),
 (15,122,122),
 (16,122,122),
 (18,122,155),
 (19,122,28),
 (24,122,11),
 (25,122,227),
 (26,122,201),
 (27,122,217),
 (32,122,3),
 (33,122,240),
 (15,123,123),
 (16,123,123),
 (18,123,170),
 (19,123,41),
 (24,123,3),
 (25,123,54),
 (26,123,124),
 (27,123,239),
 (32,123,98),
 (33,123,249),
 (15,124,124),
 (16,124,124),
 (18,124,112),
 (19,124,172),
 (24,124,42),
 (25,124,28),
 (26,124,244),
 (27,124,247),
 (32,124,51),
 (33,124,113),
 (15,125,125),
 (16,125,125),
 (18,125,47),
 (19,125,90),
 (24,125,245),
 (25,125,71),
 (26,125,117),
 (27,125,173),
 (32,125,124),
 (33,125,187),
 (15,126,126),
 (16,126,126),
 (18,126,28),
 (19,126,112),
 (24,126,145),
 (25,126,131),
 (26,126,36),
 (27,126,181),
 (32,126,14),
 (33,126,209),
 (15,127,127),
 (16,127,127),
 (18,127,32),
 (19,127,201),
 (24,127,63),
 (25,127,106),
 (26,127,241),
 (27,127,31),
 (32,127,148),
 (33,127,220),
 (15,128,128),
 (16,128,128),
 (18,128,240),
 (19,128,24),
 (24,128,120),
 (25,128,2),
 (26,128,101),
 (27,128,212),
 (32,128,173),
 (33,128,93),
 (15,129,129),
 (16,129,129),
 (18,129,85),
 (19,129,176),
 (24,129,127),
 (25,129,51),
 (26,129,100),
 (27,129,196),
 (32,129,100),
 (33,129,219),
 (15,130,130),
 (16,130,130),
 (18,130,122),
 (19,130,52),
 (24,130,147),
 (25,130,181),
 (26,130,192),
 (27,130,69),
 (32,130,178),
 (33,130,37),
 (15,131,131),
 (16,131,131),
 (18,131,90),
 (19,131,73),
 (24,131,25),
 (25,131,50),
 (26,131,198),
 (27,131,66),
 (32,131,127),
 (33,131,234),
 (15,132,132),
 (16,132,132),
 (18,132,54),
 (19,132,92),
 (24,132,193),
 (25,132,41),
 (26,132,210),
 (27,132,215),
 (32,132,192),
 (33,132,162),
 (15,133,133),
 (16,133,133),
 (18,133,7),
 (19,133,202),
 (24,133,235),
 (25,133,76),
 (26,133,191),
 (27,133,169),
 (32,133,36),
 (33,133,118),
 (15,134,134),
 (16,134,134),
 (18,134,142),
 (19,134,63),
 (24,134,12),
 (25,134,241),
 (26,134,249),
 (27,134,93),
 (32,134,234),
 (33,134,172),
 (15,135,135),
 (16,135,135),
 (18,135,44),
 (19,135,160),
 (24,135,149),
 (25,135,3),
 (26,135,87),
 (27,135,141),
 (32,135,139),
 (33,135,120),
 (15,136,136),
 (16,136,136),
 (18,136,183),
 (19,136,161),
 (24,136,82),
 (25,136,235),
 (26,136,22),
 (27,136,19),
 (32,136,31),
 (33,136,207),
 (15,137,137),
 (16,137,137),
 (18,137,173),
 (19,137,199),
 (24,137,6),
 (25,137,155),
 (26,137,126),
 (27,137,244),
 (32,137,83),
 (33,137,228),
 (15,138,138),
 (16,138,138),
 (18,138,52),
 (19,138,147),
 (24,138,118),
 (25,138,85),
 (26,138,166),
 (27,138,7),
 (32,138,61),
 (33,138,158),
 (15,139,139),
 (16,139,139),
 (18,139,42),
 (19,139,39),
 (24,139,133),
 (25,139,31),
 (26,139,82),
 (27,139,193),
 (32,139,96),
 (33,139,222),
 (15,140,140),
 (16,140,140),
 (18,140,24),
 (19,140,132),
 (24,140,99),
 (25,140,200),
 (26,140,173),
 (27,140,166),
 (32,140,10),
 (33,140,178),
 (15,141,141),
 (16,141,141),
 (18,141,245),
 (19,141,142),
 (24,141,130),
 (25,141,62),
 (26,141,149),
 (27,141,176),
 (32,141,45),
 (33,141,205),
 (15,142,142),
 (16,142,142),
 (18,142,166),
 (19,142,113),
 (24,142,76),
 (25,142,236),
 (26,142,116),
 (27,142,44),
 (32,142,184),
 (33,142,88),
 (15,143,143),
 (16,143,143),
 (18,143,31),
 (19,143,190),
 (24,143,26),
 (25,143,19),
 (26,143,177),
 (27,143,61),
 (32,143,160),
 (33,143,73),
 (15,144,144),
 (16,144,144),
 (18,144,22),
 (19,144,47),
 (24,144,181),
 (25,144,112),
 (26,144,236),
 (27,144,21),
 (32,144,156),
 (33,144,180),
 (15,145,145),
 (16,145,145),
 (18,145,5),
 (19,145,130),
 (24,145,29),
 (25,145,209),
 (26,145,179),
 (27,145,202),
 (32,145,4),
 (33,145,77),
 (15,146,146),
 (16,146,146),
 (18,146,200),
 (19,146,216),
 (24,146,208),
 (25,146,43),
 (26,146,147),
 (27,146,228),
 (32,146,5),
 (33,146,181),
 (15,147,147),
 (16,147,147),
 (18,147,115),
 (19,147,70),
 (24,147,7),
 (25,147,120),
 (26,147,133),
 (27,147,194),
 (32,147,74),
 (33,147,62),
 (15,148,148),
 (16,148,148),
 (18,148,129),
 (19,148,192),
 (24,148,15),
 (25,148,176),
 (26,148,164),
 (27,148,74),
 (32,148,53),
 (33,148,106),
 (15,149,149),
 (16,149,149),
 (18,149,134),
 (19,149,48),
 (24,149,198),
 (25,149,220),
 (26,149,217),
 (27,149,75),
 (32,149,249),
 (33,149,184),
 (15,150,150),
 (16,150,150),
 (18,150,220),
 (19,150,238),
 (24,150,164),
 (25,150,193),
 (26,150,170),
 (27,150,209),
 (32,150,141),
 (33,150,171),
 (15,151,151),
 (16,151,151),
 (18,151,113),
 (19,151,97),
 (24,151,136),
 (25,151,22),
 (26,151,35),
 (27,151,174),
 (32,151,181),
 (33,151,202),
 (15,152,152),
 (16,152,152),
 (18,152,206),
 (19,152,127),
 (24,152,106),
 (25,152,199),
 (26,152,4),
 (27,152,216),
 (32,152,102),
 (33,152,124),
 (15,153,153),
 (16,153,153),
 (18,153,96),
 (19,153,152),
 (24,153,192),
 (25,153,134),
 (26,153,37),
 (27,153,136),
 (32,153,97),
 (33,153,224),
 (15,154,154),
 (16,154,154),
 (18,154,75),
 (19,154,173),
 (24,154,195),
 (25,154,240),
 (26,154,41),
 (27,154,6),
 (32,154,138),
 (33,154,144),
 (15,155,155),
 (16,155,155),
 (18,155,67),
 (19,155,30),
 (24,155,44),
 (25,155,146),
 (26,155,224),
 (27,155,35),
 (32,155,113),
 (33,155,189),
 (15,156,156),
 (16,156,156),
 (18,156,13),
 (19,156,195),
 (24,156,190),
 (25,156,15),
 (26,156,97),
 (27,156,95),
 (32,156,29),
 (33,156,134),
 (15,157,157),
 (16,157,157),
 (18,157,126),
 (19,157,87),
 (24,157,146),
 (25,157,229),
 (26,157,148),
 (27,157,177),
 (32,157,169),
 (33,157,129),
 (15,158,158),
 (16,158,158),
 (18,158,225),
 (19,158,103),
 (24,158,121),
 (25,158,87),
 (26,158,174),
 (27,158,225),
 (32,158,11),
 (33,158,227),
 (15,159,159),
 (16,159,159),
 (18,159,3),
 (19,159,67),
 (24,159,162),
 (25,159,30),
 (26,159,75),
 (27,159,108),
 (32,159,170),
 (33,159,216),
 (15,160,160),
 (16,160,160),
 (18,160,27),
 (19,160,209),
 (24,160,227),
 (25,160,137),
 (26,160,45),
 (27,160,190),
 (32,160,189),
 (33,160,60),
 (15,161,161),
 (16,161,161),
 (18,161,169),
 (19,161,91),
 (24,161,173),
 (25,161,104),
 (26,161,221),
 (27,161,111),
 (32,161,218),
 (33,161,98),
 (15,162,162),
 (16,162,162),
 (18,162,230),
 (19,162,208),
 (24,162,125),
 (25,162,27),
 (26,162,209),
 (27,162,133),
 (32,162,134),
 (33,162,91),
 (15,163,163),
 (16,163,163),
 (18,163,6),
 (19,163,167),
 (24,163,218),
 (25,163,126),
 (26,163,107),
 (27,163,235),
 (32,163,157),
 (33,163,30),
 (15,164,164),
 (16,164,164),
 (18,164,51),
 (19,164,229),
 (24,164,107),
 (25,164,208),
 (26,164,67),
 (27,164,101),
 (32,164,179),
 (33,164,179),
 (15,165,165),
 (16,165,165),
 (18,165,216),
 (19,165,71),
 (24,165,168),
 (25,165,178),
 (26,165,40),
 (27,165,2),
 (32,165,155),
 (33,165,156),
 (15,166,166),
 (16,166,166),
 (18,166,101),
 (19,166,144),
 (24,166,160),
 (25,166,238),
 (26,166,48),
 (27,166,203),
 (32,166,191),
 (33,166,122),
 (15,167,167),
 (16,167,167),
 (18,167,150),
 (19,167,153),
 (24,167,233),
 (25,167,153),
 (26,167,187),
 (27,167,48),
 (32,167,121),
 (33,167,133),
 (15,168,168),
 (16,168,168),
 (18,168,106),
 (19,168,13),
 (24,168,131),
 (25,168,32),
 (26,168,33),
 (27,168,11),
 (32,168,55),
 (33,168,204),
 (15,169,169),
 (16,169,169),
 (18,169,111),
 (19,169,138),
 (24,169,45),
 (25,169,152),
 (26,169,132),
 (27,169,5),
 (32,169,8),
 (33,169,193),
 (15,170,170),
 (16,170,170),
 (18,170,25),
 (19,170,168),
 (24,170,219),
 (25,170,191),
 (26,170,19),
 (27,170,68),
 (32,170,194),
 (33,170,96),
 (15,171,171),
 (16,171,171),
 (18,171,63),
 (19,171,51),
 (24,171,158),
 (25,171,63),
 (26,171,10),
 (27,171,219),
 (32,171,164),
 (33,171,34),
 (15,172,172),
 (16,172,172),
 (18,172,77),
 (19,172,246),
 (24,172,178),
 (25,172,172),
 (26,172,95),
 (27,172,242),
 (32,172,227),
 (33,172,233),
 (15,173,173),
 (16,173,173),
 (18,173,23),
 (19,173,123),
 (24,173,60),
 (25,173,119),
 (26,173,51),
 (27,173,78),
 (32,173,1),
 (33,173,212),
 (15,174,174),
 (16,174,174),
 (18,174,202),
 (19,174,133),
 (24,174,175),
 (25,174,86),
 (26,174,159),
 (27,174,230),
 (32,174,110),
 (33,174,210),
 (15,175,175),
 (16,175,175),
 (18,175,71),
 (19,175,93),
 (24,175,239),
 (25,175,245),
 (26,175,71),
 (27,175,46),
 (32,175,247),
 (33,175,111),
 (15,176,176),
 (16,176,176),
 (18,176,8),
 (19,176,154),
 (24,176,186),
 (25,176,207),
 (26,176,24),
 (27,176,20),
 (32,176,26),
 (33,176,199),
 (15,177,177),
 (16,177,177),
 (18,177,227),
 (19,177,164),
 (24,177,153),
 (25,177,37),
 (26,177,25),
 (27,177,127),
 (32,177,154),
 (33,177,238),
 (15,178,178),
 (16,178,178),
 (18,178,171),
 (19,178,234),
 (24,178,100),
 (25,178,23),
 (26,178,204),
 (27,178,99),
 (32,178,122),
 (33,178,174),
 (15,179,179),
 (16,179,179),
 (18,179,15),
 (19,179,27),
 (24,179,116),
 (25,179,237),
 (26,179,99),
 (27,179,236),
 (32,179,16),
 (33,179,72),
 (15,180,180),
 (16,180,180),
 (18,180,248),
 (19,180,145),
 (24,180,189),
 (25,180,59),
 (26,180,143),
 (27,180,83),
 (32,180,34),
 (33,180,46),
 (15,181,181),
 (16,181,181),
 (18,181,224),
 (19,181,206),
 (24,181,138),
 (25,181,230),
 (26,181,17),
 (27,181,124),
 (32,181,245),
 (33,181,35),
 (15,182,182),
 (16,182,182),
 (18,182,231),
 (19,182,179),
 (24,182,97),
 (25,182,24),
 (26,182,175),
 (27,182,28),
 (32,182,133),
 (33,182,177),
 (15,183,183),
 (16,183,183),
 (18,183,33),
 (19,183,25),
 (24,183,241),
 (25,183,180),
 (26,183,3),
 (27,183,227),
 (32,183,119),
 (33,183,22),
 (15,184,184),
 (16,184,184),
 (18,184,207),
 (19,184,148),
 (24,184,163),
 (25,184,98),
 (26,184,237),
 (27,184,53),
 (32,184,137),
 (33,184,114),
 (15,185,185),
 (16,185,185),
 (18,185,84),
 (19,185,241),
 (24,185,249),
 (25,185,46),
 (26,185,78),
 (27,185,89),
 (32,185,203),
 (33,185,157),
 (15,186,186),
 (16,186,186),
 (18,186,48),
 (19,186,187),
 (24,186,112),
 (25,186,116),
 (26,186,47),
 (27,186,132),
 (32,186,77),
 (33,186,153),
 (15,187,187),
 (16,187,187),
 (18,187,103),
 (19,187,203),
 (24,187,194),
 (25,187,64),
 (26,187,169),
 (27,187,82),
 (32,187,232),
 (33,187,47),
 (15,188,188),
 (16,188,188),
 (18,188,167),
 (19,188,191),
 (24,188,1),
 (25,188,159),
 (26,188,56),
 (27,188,41),
 (32,188,226),
 (33,188,27),
 (15,189,189),
 (16,189,189),
 (18,189,178),
 (19,189,181),
 (24,189,141),
 (25,189,243),
 (26,189,129),
 (27,189,102),
 (32,189,30),
 (33,189,14),
 (15,190,190),
 (16,190,190),
 (18,190,37),
 (19,190,193),
 (24,190,169),
 (25,190,38),
 (26,190,154),
 (27,190,49),
 (32,190,105),
 (33,190,79),
 (15,191,191),
 (16,191,191),
 (18,191,204),
 (19,191,189),
 (24,191,66),
 (25,191,246),
 (26,191,138),
 (27,191,4),
 (32,191,190),
 (33,191,86),
 (15,192,192),
 (16,192,192),
 (18,192,237),
 (19,192,166),
 (24,192,140),
 (25,192,215),
 (26,192,23),
 (27,192,144),
 (32,192,204),
 (33,192,230),
 (15,193,193),
 (16,193,193),
 (18,193,141),
 (19,193,94),
 (24,193,129),
 (25,193,65),
 (26,193,74),
 (27,193,37),
 (32,193,44),
 (33,193,246),
 (15,194,194),
 (16,194,194),
 (18,194,9),
 (19,194,184),
 (24,194,10),
 (25,194,127),
 (26,194,49),
 (27,194,191),
 (32,194,9),
 (33,194,186),
 (15,195,195),
 (16,195,195),
 (18,195,53),
 (19,195,121),
 (24,195,177),
 (25,195,14),
 (26,195,106),
 (27,195,87),
 (32,195,241),
 (33,195,213),
 (15,196,196),
 (16,196,196),
 (18,196,17),
 (19,196,45),
 (24,196,151),
 (25,196,7),
 (26,196,108),
 (27,196,47),
 (32,196,221),
 (33,196,50),
 (15,197,197),
 (16,197,197),
 (18,197,184),
 (19,197,22),
 (24,197,184),
 (25,197,217),
 (26,197,150),
 (27,197,126),
 (32,197,238),
 (33,197,248),
 (15,198,198),
 (16,198,198),
 (18,198,164),
 (19,198,175),
 (24,198,213),
 (25,198,249),
 (26,198,63),
 (27,198,137),
 (32,198,197),
 (33,198,201),
 (15,199,199),
 (16,199,199),
 (18,199,87),
 (19,199,5),
 (24,199,217),
 (25,199,99),
 (26,199,122),
 (27,199,109),
 (32,199,211),
 (33,199,176),
 (15,200,200),
 (16,200,200),
 (18,200,210),
 (19,200,77),
 (24,200,137),
 (25,200,166),
 (26,200,214),
 (27,200,63),
 (32,200,46),
 (33,200,13),
 (15,201,201),
 (16,201,201),
 (18,201,223),
 (19,201,11),
 (24,201,167),
 (25,201,170),
 (26,201,131),
 (27,201,218),
 (32,201,40),
 (33,201,104),
 (15,202,202),
 (16,202,202),
 (18,202,38),
 (19,202,119),
 (24,202,55),
 (25,202,135),
 (26,202,141),
 (27,202,71),
 (32,202,82),
 (33,202,38),
 (15,203,203),
 (16,203,203),
 (18,203,185),
 (19,203,72),
 (24,203,65),
 (25,203,88),
 (26,203,27),
 (27,203,114),
 (32,203,216),
 (33,203,48),
 (15,204,204),
 (16,204,204),
 (18,204,41),
 (19,204,213),
 (24,204,36),
 (25,204,136),
 (26,204,86),
 (27,204,92),
 (32,204,87),
 (33,204,242),
 (15,205,205),
 (16,205,205),
 (18,205,118),
 (19,205,101),
 (24,205,247),
 (25,205,109),
 (26,205,15),
 (27,205,118),
 (32,205,19),
 (33,205,117),
 (15,206,206),
 (16,206,206),
 (18,206,93),
 (19,206,60),
 (24,206,182),
 (25,206,164),
 (26,206,52),
 (27,206,154),
 (32,206,144),
 (33,206,152),
 (15,207,207),
 (16,207,207),
 (18,207,74),
 (19,207,244),
 (24,207,144),
 (25,207,55),
 (26,207,111),
 (27,207,185),
 (32,207,103),
 (33,207,146),
 (15,208,208),
 (16,208,208),
 (18,208,59),
 (19,208,89),
 (24,208,17),
 (25,208,154),
 (26,208,34),
 (27,208,234),
 (32,208,147),
 (33,208,42),
 (15,209,209),
 (16,209,209),
 (18,209,236),
 (19,209,247),
 (24,209,98),
 (25,209,169),
 (26,209,109),
 (27,209,206),
 (32,209,151),
 (33,209,9),
 (15,210,210),
 (16,210,210),
 (18,210,104),
 (19,210,243),
 (24,210,101),
 (25,210,201),
 (26,210,12),
 (27,210,130),
 (32,210,132),
 (33,210,198),
 (15,211,211),
 (16,211,211),
 (18,211,219),
 (19,211,82),
 (24,211,123),
 (25,211,100),
 (26,211,240),
 (27,211,210),
 (32,211,54),
 (33,211,40),
 (15,212,212),
 (16,212,212),
 (18,212,208),
 (19,212,237),
 (24,212,93),
 (25,212,18),
 (26,212,230),
 (27,212,160),
 (32,212,57),
 (33,212,10),
 (15,213,213),
 (16,213,213),
 (18,213,168),
 (19,213,228),
 (24,213,216),
 (25,213,75),
 (26,213,163),
 (27,213,23),
 (32,213,94),
 (33,213,151),
 (15,214,214),
 (16,214,214),
 (18,214,65),
 (19,214,218),
 (24,214,156),
 (25,214,39),
 (26,214,186),
 (27,214,57),
 (32,214,56),
 (33,214,119),
 (15,215,215),
 (16,215,215),
 (18,215,172),
 (19,215,125),
 (24,215,176),
 (25,215,9),
 (26,215,228),
 (27,215,129),
 (32,215,153),
 (33,215,243),
 (15,216,216),
 (16,216,216),
 (18,216,36),
 (19,216,84),
 (24,216,122),
 (25,216,70),
 (26,216,55),
 (27,216,153),
 (32,216,210),
 (33,216,99),
 (15,217,217),
 (16,217,217),
 (18,217,235),
 (19,217,226),
 (24,217,46),
 (25,217,11),
 (26,217,225),
 (27,217,151),
 (32,217,187),
 (33,217,97),
 (15,218,218),
 (16,218,218),
 (18,218,194),
 (19,218,17),
 (24,218,87),
 (25,218,234),
 (26,218,79),
 (27,218,167),
 (32,218,159),
 (33,218,225),
 (15,219,219),
 (16,219,219),
 (18,219,16),
 (19,219,108),
 (24,219,22),
 (25,219,183),
 (26,219,234),
 (27,219,213),
 (32,219,243),
 (33,219,49),
 (15,220,220),
 (16,220,220),
 (18,220,163),
 (19,220,182),
 (24,220,238),
 (25,220,113),
 (26,220,38),
 (27,220,183),
 (32,220,33),
 (33,220,78),
 (15,221,221),
 (16,221,221),
 (18,221,95),
 (19,221,207),
 (24,221,34),
 (25,221,13),
 (26,221,119),
 (27,221,135),
 (32,221,115),
 (33,221,84),
 (15,222,222),
 (16,222,222),
 (18,222,49),
 (19,222,178),
 (24,222,157),
 (25,222,214),
 (26,222,96),
 (27,222,231),
 (32,222,47),
 (33,222,75),
 (15,223,223),
 (16,223,223),
 (18,223,92),
 (19,223,40),
 (24,223,132),
 (25,223,141),
 (26,223,84),
 (27,223,128),
 (32,223,212),
 (33,223,188),
 (15,224,224),
 (16,224,224),
 (18,224,110),
 (19,224,37),
 (24,224,92),
 (25,224,150),
 (26,224,220),
 (27,224,62),
 (32,224,207),
 (33,224,41),
 (15,225,225),
 (16,225,225),
 (18,225,160),
 (19,225,44),
 (24,225,62),
 (25,225,80),
 (26,225,162),
 (27,225,94),
 (32,225,248),
 (33,225,197),
 (15,226,226),
 (16,226,226),
 (18,226,72),
 (19,226,34),
 (24,226,110),
 (25,226,160),
 (26,226,30),
 (27,226,17),
 (32,226,69),
 (33,226,148),
 (15,227,227),
 (16,227,227),
 (18,227,136),
 (19,227,116),
 (24,227,35),
 (25,227,165),
 (26,227,31),
 (27,227,161),
 (32,227,186),
 (33,227,136),
 (15,228,228),
 (16,228,228),
 (18,228,222),
 (19,228,222),
 (24,228,188),
 (25,228,189),
 (26,228,206),
 (27,228,24),
 (32,228,162),
 (33,228,142),
 (15,229,229),
 (16,229,229),
 (18,229,29),
 (19,229,49),
 (24,229,19),
 (25,229,44),
 (26,229,215),
 (27,229,115),
 (32,229,106),
 (33,229,194),
 (15,230,230),
 (16,230,230),
 (18,230,82),
 (19,230,233),
 (24,230,155),
 (25,230,56),
 (26,230,235),
 (27,230,200),
 (32,230,13),
 (33,230,110),
 (15,231,231),
 (16,231,231),
 (18,231,149),
 (19,231,249),
 (24,231,199),
 (25,231,4),
 (26,231,50),
 (27,231,16),
 (32,231,108),
 (33,231,200),
 (15,232,232),
 (16,232,232),
 (18,232,60),
 (19,232,205),
 (24,232,166),
 (25,232,123),
 (26,232,115),
 (27,232,149),
 (32,232,99),
 (33,232,87),
 (15,233,233),
 (16,233,233),
 (18,233,57),
 (19,233,19),
 (24,233,27),
 (25,233,149),
 (26,233,89),
 (27,233,233),
 (32,233,75),
 (33,233,170),
 (15,234,234),
 (16,234,234),
 (18,234,119),
 (19,234,200),
 (24,234,37),
 (25,234,242),
 (26,234,139),
 (27,234,88),
 (32,234,140),
 (33,234,185),
 (15,235,235),
 (16,235,235),
 (18,235,83),
 (19,235,31),
 (24,235,84),
 (25,235,108),
 (26,235,26),
 (27,235,104),
 (32,235,88),
 (33,235,82),
 (15,236,236),
 (16,236,236),
 (18,236,34),
 (19,236,239),
 (24,236,159),
 (25,236,179),
 (26,236,242),
 (27,236,170),
 (32,236,17),
 (33,236,223),
 (15,237,237),
 (16,237,237),
 (18,237,94),
 (19,237,43),
 (24,237,229),
 (25,237,1),
 (26,237,92),
 (27,237,84),
 (32,237,25),
 (33,237,141),
 (15,238,238),
 (16,238,238),
 (18,238,35),
 (19,238,107),
 (24,238,170),
 (25,238,203),
 (26,238,62),
 (27,238,42),
 (32,238,149),
 (33,238,236),
 (15,239,239),
 (16,239,239),
 (18,239,247),
 (19,239,124),
 (24,239,53),
 (25,239,151),
 (26,239,135),
 (27,239,186),
 (32,239,39),
 (33,239,15),
 (15,240,240),
 (16,240,240),
 (18,240,143),
 (19,240,134),
 (24,240,90),
 (25,240,122),
 (26,240,180),
 (27,240,1),
 (32,240,130),
 (33,240,55),
 (15,241,241),
 (16,241,241),
 (18,241,162),
 (19,241,55),
 (24,241,209),
 (25,241,66),
 (26,241,172),
 (27,241,3),
 (32,241,246),
 (33,241,167),
 (15,242,242),
 (16,242,242),
 (18,242,229),
 (19,242,223),
 (24,242,183),
 (25,242,130),
 (26,242,58),
 (27,242,117),
 (32,242,117),
 (33,242,56),
 (15,243,243),
 (16,243,243),
 (18,243,89),
 (19,243,12),
 (24,243,134),
 (25,243,212),
 (26,243,102),
 (27,243,222),
 (32,243,240),
 (33,243,3),
 (15,244,244),
 (16,244,244),
 (18,244,203),
 (19,244,36),
 (24,244,18),
 (25,244,58),
 (26,244,227),
 (27,244,237),
 (32,244,80),
 (33,244,23),
 (15,245,245),
 (16,245,245),
 (18,245,114),
 (19,245,128),
 (24,245,91),
 (25,245,223),
 (26,245,18),
 (27,245,205),
 (32,245,188),
 (33,245,51),
 (15,246,246),
 (16,246,246),
 (18,246,181),
 (19,246,177),
 (24,246,111),
 (25,246,182),
 (26,246,158),
 (27,246,15),
 (32,246,236),
 (33,246,4),
 (15,247,247),
 (16,247,247),
 (18,247,179),
 (19,247,56),
 (24,247,2),
 (25,247,192),
 (26,247,20),
 (27,247,175),
 (32,247,20),
 (33,247,102),
 (15,248,248),
 (16,248,248),
 (18,248,81),
 (19,248,170),
 (24,248,187),
 (25,248,211),
 (26,248,153),
 (27,248,73),
 (32,248,85),
 (33,248,94),
 (15,249,249),
 (16,249,249),
 (18,249,214),
 (19,249,21),
 (24,249,74),
 (25,249,185),
 (26,249,11),
 (27,249,56),
 (32,249,92),
 (33,249,2);
/*!40000 ALTER TABLE `roomgreencards` ENABLE KEYS */;


--
-- Definition of table `roomredcards`
--

DROP TABLE IF EXISTS `roomredcards`;
CREATE TABLE `roomredcards` (
  `room_id` int(10) unsigned NOT NULL,
  `card_id` int(10) unsigned NOT NULL,
  `card_order` int(10) unsigned NOT NULL,
  PRIMARY KEY  USING BTREE (`room_id`,`card_order`),
  KEY `FK_roomredcards_cards` (`card_id`),
  CONSTRAINT `FK_roomredcards_cards` FOREIGN KEY (`card_id`) REFERENCES `redcards` (`id`) ON DELETE CASCADE ON UPDATE CASCADE,
  CONSTRAINT `FK_roomredcards_rooms` FOREIGN KEY (`room_id`) REFERENCES `rooms` (`id`) ON DELETE CASCADE
) ENGINE=InnoDB DEFAULT CHARSET=latin1;

--
-- Dumping data for table `roomredcards`
--

/*!40000 ALTER TABLE `roomredcards` DISABLE KEYS */;
INSERT INTO `roomredcards` (`room_id`,`card_id`,`card_order`) VALUES 
 (15,2,52),
 (16,2,43),
 (18,2,100),
 (19,2,166),
 (24,2,36),
 (25,2,42),
 (26,2,183),
 (27,2,175),
 (33,2,44),
 (15,3,105),
 (16,3,51),
 (18,3,35),
 (19,3,56),
 (25,3,46),
 (26,3,167),
 (27,3,72),
 (32,3,91),
 (33,3,73),
 (15,4,86),
 (16,4,113),
 (18,4,174),
 (19,4,178),
 (24,4,187),
 (25,4,110),
 (26,4,113),
 (27,4,98),
 (32,4,193),
 (33,4,185),
 (15,5,197),
 (16,5,157),
 (18,5,94),
 (19,5,52),
 (24,5,70),
 (25,5,85),
 (32,5,180),
 (33,5,39),
 (15,8,37),
 (16,8,74),
 (18,8,92),
 (19,8,76),
 (24,8,181),
 (25,8,35),
 (27,8,189),
 (32,8,49),
 (33,8,186),
 (15,9,177),
 (18,9,124),
 (19,9,186),
 (24,9,43),
 (25,9,189),
 (26,9,101),
 (32,9,176),
 (33,9,169),
 (15,10,192),
 (16,10,143),
 (19,10,155),
 (24,10,173),
 (25,10,68),
 (26,10,82),
 (32,10,150),
 (33,10,158),
 (15,11,136),
 (16,11,153),
 (18,11,11),
 (19,11,152),
 (25,11,167),
 (26,11,169),
 (27,11,193),
 (32,11,89),
 (33,11,82),
 (15,12,161),
 (16,12,176),
 (18,12,82),
 (19,12,57),
 (24,12,114),
 (25,12,64),
 (26,12,191),
 (27,12,138),
 (32,12,123),
 (33,12,68),
 (15,14,29),
 (16,14,78),
 (18,14,136),
 (19,14,171),
 (24,14,193),
 (25,14,79),
 (26,14,74),
 (27,14,60),
 (32,14,51),
 (33,14,107),
 (15,15,16),
 (16,15,101),
 (18,15,10),
 (19,15,66),
 (24,15,55),
 (25,15,118),
 (26,15,130),
 (27,15,113),
 (32,15,173),
 (33,15,87),
 (15,16,169),
 (16,16,79),
 (18,16,46),
 (19,16,77),
 (24,16,72),
 (25,16,144),
 (26,16,86),
 (27,16,165),
 (32,16,54),
 (33,16,7),
 (15,17,87),
 (16,17,82),
 (18,17,31),
 (19,17,164),
 (24,17,116),
 (25,17,186),
 (26,17,181),
 (27,17,101),
 (32,17,15),
 (33,17,15),
 (15,18,21),
 (16,18,103),
 (18,18,121),
 (24,18,44),
 (25,18,91),
 (26,18,102),
 (32,18,52),
 (33,18,11),
 (15,19,80),
 (16,19,80),
 (18,19,126),
 (25,19,36),
 (26,19,157),
 (27,19,168),
 (32,19,131),
 (33,19,183),
 (15,22,72),
 (18,22,16),
 (24,22,75),
 (25,22,107),
 (26,22,90),
 (27,22,121),
 (32,22,174),
 (33,22,159),
 (15,23,130),
 (16,23,167),
 (18,23,30),
 (19,23,140),
 (24,23,51),
 (25,23,130),
 (26,23,154),
 (27,23,177),
 (32,23,105),
 (33,23,168),
 (15,24,100),
 (16,24,34),
 (24,24,128),
 (25,24,104),
 (26,24,137),
 (27,24,190),
 (32,24,7),
 (33,24,133),
 (15,25,71),
 (16,25,163),
 (18,25,29),
 (19,25,58),
 (24,25,129),
 (25,25,154),
 (26,25,192),
 (27,25,173),
 (32,25,133),
 (33,25,25),
 (15,26,138),
 (16,26,67),
 (18,26,103),
 (19,26,65),
 (24,26,144),
 (25,26,106),
 (26,26,160),
 (32,26,134),
 (33,26,115),
 (15,27,114),
 (16,27,54),
 (18,27,62),
 (19,27,154),
 (24,27,113),
 (25,27,159),
 (26,27,189),
 (32,27,101),
 (33,27,91),
 (15,28,166),
 (16,28,164),
 (18,28,128),
 (19,28,189),
 (24,28,80),
 (25,28,170),
 (26,28,116),
 (27,28,112),
 (32,28,179),
 (33,28,51),
 (15,29,117),
 (16,29,60),
 (18,29,8),
 (19,29,88),
 (26,29,63),
 (27,29,191),
 (32,29,177),
 (33,29,76),
 (15,30,26),
 (16,30,133),
 (18,30,26),
 (19,30,54),
 (24,30,178),
 (26,30,68),
 (27,30,75),
 (32,30,100),
 (33,30,50),
 (15,31,79),
 (18,31,87),
 (24,31,39),
 (25,31,187),
 (27,31,116),
 (32,31,84),
 (33,31,182),
 (15,32,193),
 (16,32,52),
 (18,32,188),
 (19,32,142),
 (24,32,59),
 (25,32,175),
 (32,32,103),
 (33,32,16),
 (15,33,97),
 (16,33,58),
 (18,33,91),
 (19,33,118),
 (24,33,139),
 (25,33,58),
 (26,33,55),
 (27,33,167),
 (32,33,50),
 (33,33,84),
 (15,34,155),
 (16,34,40),
 (18,34,122),
 (19,34,80),
 (24,34,145),
 (25,34,66),
 (26,34,136),
 (27,34,130),
 (32,34,194),
 (33,34,69),
 (15,35,142),
 (16,35,94),
 (18,35,58),
 (19,35,180),
 (24,35,164),
 (25,35,176),
 (26,35,128),
 (27,35,125),
 (32,35,24),
 (33,35,170),
 (15,36,25),
 (16,36,65),
 (18,36,47),
 (19,36,93),
 (24,36,189),
 (25,36,161),
 (26,36,60),
 (27,36,156),
 (32,36,107),
 (33,36,164),
 (15,37,119),
 (16,37,159),
 (18,37,17),
 (19,37,173),
 (24,37,117),
 (32,37,79),
 (33,37,43),
 (15,38,47),
 (16,38,53),
 (18,38,173),
 (24,38,192),
 (26,38,88),
 (27,38,110),
 (32,38,124),
 (33,38,167),
 (15,39,145),
 (18,39,156),
 (19,39,141),
 (24,39,111),
 (25,39,38),
 (26,39,87),
 (32,39,65),
 (33,39,192),
 (15,40,120),
 (16,40,175),
 (18,40,66),
 (19,40,128),
 (24,40,170),
 (25,40,73),
 (26,40,106),
 (27,40,93),
 (32,40,83),
 (33,40,104),
 (15,41,126),
 (16,41,117),
 (18,41,134),
 (19,41,149),
 (25,41,160),
 (26,41,158),
 (27,41,114),
 (32,41,145),
 (33,41,64),
 (15,42,18),
 (16,42,25),
 (18,42,170),
 (24,42,147),
 (25,42,67),
 (26,42,61),
 (32,42,160),
 (33,42,2),
 (15,43,84),
 (18,43,193),
 (19,43,110),
 (24,43,42),
 (25,43,157),
 (26,43,119),
 (32,43,122),
 (33,43,78),
 (15,44,176),
 (16,44,170),
 (18,44,99),
 (24,44,74),
 (25,44,173),
 (26,44,174),
 (27,44,187),
 (32,44,16),
 (33,44,23),
 (16,45,135),
 (18,45,37),
 (19,45,92),
 (24,45,163),
 (26,45,143),
 (27,45,85),
 (32,45,129),
 (33,45,116),
 (15,46,190),
 (16,46,188),
 (18,46,115),
 (19,46,126),
 (24,46,98),
 (32,46,153),
 (33,46,123),
 (15,47,113),
 (16,47,193),
 (18,47,60),
 (19,47,82),
 (24,47,182),
 (26,47,168),
 (32,47,155),
 (33,47,120),
 (15,48,141),
 (16,48,102),
 (18,48,61),
 (24,48,150),
 (25,48,112),
 (27,48,62),
 (32,48,53),
 (33,48,96),
 (15,49,31),
 (16,49,90),
 (18,49,9),
 (19,49,64),
 (24,49,130),
 (26,49,184),
 (27,49,141),
 (32,49,86),
 (33,49,1),
 (15,50,183),
 (16,50,178),
 (18,50,69),
 (19,50,145),
 (25,50,153),
 (26,50,155),
 (27,50,128),
 (32,50,93),
 (33,50,143),
 (15,51,85),
 (16,51,125),
 (18,51,42),
 (19,51,135),
 (24,51,52),
 (25,51,129),
 (26,51,52),
 (27,51,120),
 (32,51,116),
 (33,51,27),
 (15,52,95),
 (16,52,189),
 (18,52,56),
 (24,52,159),
 (25,52,155),
 (26,52,149),
 (27,52,87),
 (32,52,9),
 (33,52,100),
 (15,53,181),
 (16,53,197),
 (18,53,185),
 (19,53,170),
 (25,53,60),
 (26,53,57),
 (27,53,97),
 (32,53,164),
 (33,53,173),
 (15,54,81),
 (16,54,177),
 (18,54,36),
 (19,54,169),
 (25,54,140),
 (26,54,117),
 (32,54,47),
 (33,54,18),
 (15,55,122),
 (16,55,198),
 (18,55,70),
 (24,55,65),
 (25,55,128),
 (26,55,118),
 (32,55,32),
 (33,55,106),
 (15,56,63),
 (16,56,46),
 (18,56,85),
 (19,56,125),
 (24,56,125),
 (25,56,53),
 (32,56,78),
 (33,56,97),
 (15,57,40),
 (16,57,50),
 (18,57,171),
 (19,57,159),
 (24,57,50),
 (25,57,148),
 (26,57,39),
 (27,57,188),
 (32,57,13),
 (33,57,137),
 (15,58,115),
 (16,58,130),
 (18,58,79),
 (19,58,168),
 (24,58,108),
 (25,58,156),
 (26,58,59),
 (27,58,136),
 (32,58,58),
 (33,58,56),
 (16,59,100),
 (18,59,71),
 (19,59,147),
 (25,59,51),
 (26,59,176),
 (27,59,119),
 (32,59,38),
 (33,59,128),
 (15,60,135),
 (16,60,124),
 (18,60,137),
 (19,60,185),
 (25,60,59),
 (26,60,187),
 (27,60,146),
 (32,60,27),
 (33,60,72),
 (15,61,146),
 (16,61,142),
 (18,61,106),
 (24,61,57),
 (25,61,88),
 (26,61,163),
 (32,61,69),
 (33,61,99),
 (15,62,69),
 (16,62,171),
 (19,62,81),
 (24,62,104),
 (25,62,147),
 (26,62,152),
 (27,62,184),
 (32,62,168),
 (33,62,166),
 (15,63,45),
 (16,63,84),
 (18,63,135),
 (19,63,161),
 (25,63,135),
 (26,63,125),
 (32,63,43),
 (33,63,153),
 (15,64,139),
 (16,64,144),
 (18,64,51),
 (25,64,83),
 (27,64,105),
 (32,64,99),
 (33,64,112),
 (15,65,88),
 (16,65,127),
 (18,65,146),
 (19,65,75),
 (24,65,175),
 (25,65,100),
 (26,65,44),
 (27,65,154),
 (32,65,158),
 (33,65,6),
 (15,66,91),
 (16,66,107),
 (18,66,138),
 (19,66,153),
 (24,66,71),
 (25,66,120),
 (26,66,129),
 (32,66,18),
 (33,66,63),
 (15,67,191),
 (16,67,57),
 (18,67,148),
 (19,67,131),
 (24,67,172),
 (27,67,126),
 (32,67,80),
 (33,67,47),
 (15,68,170),
 (18,68,117),
 (19,68,87),
 (24,68,142),
 (25,68,172),
 (26,68,127),
 (27,68,99),
 (32,68,185),
 (33,68,66),
 (15,69,62),
 (16,69,47),
 (18,69,182),
 (24,69,84),
 (25,69,178),
 (27,69,198),
 (32,69,88),
 (33,69,163),
 (16,70,75),
 (18,70,110),
 (19,70,163),
 (24,70,102),
 (25,70,121),
 (27,70,176),
 (32,70,136),
 (33,70,130),
 (15,71,159),
 (16,71,173),
 (18,71,23),
 (19,71,73),
 (24,71,92),
 (25,71,166),
 (26,71,172),
 (27,71,174),
 (32,71,45),
 (33,71,48),
 (15,72,185),
 (16,72,155),
 (18,72,44),
 (19,72,71),
 (24,72,105),
 (25,72,123),
 (27,72,171),
 (32,72,67),
 (33,72,46),
 (15,73,107),
 (18,73,175),
 (19,73,123),
 (24,73,58),
 (26,73,75),
 (27,73,66),
 (32,73,42),
 (33,73,70),
 (15,74,111),
 (16,74,151),
 (18,74,21),
 (19,74,119),
 (24,74,133),
 (25,74,136),
 (26,74,133),
 (27,74,160),
 (32,74,182),
 (33,74,105),
 (15,75,64),
 (16,75,83),
 (18,75,59),
 (19,75,89),
 (24,75,198),
 (25,75,198),
 (26,75,126),
 (32,75,148),
 (33,75,180),
 (15,76,54),
 (16,76,146),
 (18,76,144),
 (19,76,104),
 (24,76,109),
 (25,76,163),
 (27,76,102),
 (32,76,64),
 (33,76,178),
 (15,77,49),
 (16,77,36),
 (18,77,33),
 (19,77,184),
 (24,77,94),
 (25,77,142),
 (26,77,122),
 (32,77,165),
 (33,77,5),
 (15,78,73),
 (16,78,33),
 (18,78,27),
 (25,78,75),
 (26,78,105),
 (27,78,117),
 (32,78,71),
 (33,78,14),
 (15,79,20),
 (16,79,129),
 (18,79,20),
 (24,79,66),
 (26,79,89),
 (27,79,192),
 (32,79,20),
 (33,79,61),
 (15,80,30),
 (16,80,96),
 (18,80,160),
 (19,80,196),
 (24,80,151),
 (25,80,72),
 (26,80,53),
 (27,80,142),
 (32,80,120),
 (33,80,162),
 (15,81,109),
 (18,81,55),
 (19,81,191),
 (24,81,197),
 (25,81,95),
 (26,81,182),
 (32,81,36),
 (33,81,62),
 (15,82,36),
 (16,82,109),
 (18,82,198),
 (24,82,160),
 (25,82,143),
 (26,82,144),
 (27,82,158),
 (32,82,21),
 (33,82,157),
 (15,83,131),
 (18,83,108),
 (24,83,122),
 (25,83,116),
 (26,83,80),
 (27,83,95),
 (32,83,25),
 (33,83,129),
 (15,84,194),
 (16,84,181),
 (18,84,194),
 (19,84,86),
 (24,84,138),
 (25,84,127),
 (26,84,65),
 (27,84,67),
 (32,84,172),
 (33,84,58),
 (15,85,93),
 (16,85,98),
 (18,85,116),
 (19,85,157),
 (24,85,186),
 (25,85,41),
 (32,85,104),
 (33,85,20),
 (15,86,92),
 (16,86,149),
 (18,86,157),
 (25,86,131),
 (26,86,124),
 (27,86,186),
 (32,86,132),
 (33,86,49),
 (15,87,66),
 (16,87,162),
 (18,87,191),
 (19,87,97),
 (24,87,124),
 (27,87,194),
 (32,87,56),
 (33,87,110),
 (15,88,48),
 (18,88,50),
 (19,88,127),
 (24,88,120),
 (25,88,196),
 (32,88,140),
 (33,88,165),
 (16,89,123),
 (18,89,187),
 (24,89,78),
 (25,89,76),
 (26,89,64),
 (27,89,89),
 (32,89,114),
 (33,89,191),
 (15,90,152),
 (16,90,116),
 (18,90,7),
 (19,90,167),
 (24,90,155),
 (25,90,77),
 (26,90,193),
 (27,90,134),
 (32,90,175),
 (33,90,103),
 (15,91,19),
 (16,91,111),
 (18,91,163),
 (19,91,101),
 (24,91,148),
 (25,91,138),
 (26,91,179),
 (27,91,68),
 (32,91,110),
 (33,91,119),
 (15,92,133),
 (16,92,32),
 (18,92,86),
 (19,92,134),
 (24,92,69),
 (25,92,44),
 (26,92,76),
 (27,92,150),
 (32,92,138),
 (33,92,0),
 (15,93,128),
 (16,93,138),
 (18,93,95),
 (24,93,154),
 (25,93,145),
 (26,93,148),
 (27,93,61),
 (32,93,96),
 (33,93,135),
 (15,94,156),
 (16,94,166),
 (18,94,19),
 (19,94,108),
 (24,94,90),
 (25,94,158),
 (26,94,78),
 (27,94,135),
 (32,94,144),
 (33,94,54),
 (15,95,99),
 (16,95,73),
 (18,95,78),
 (24,95,131),
 (25,95,114),
 (26,95,47),
 (32,95,112),
 (33,95,184),
 (15,96,96),
 (16,96,89),
 (18,96,131),
 (19,96,103),
 (24,96,112),
 (25,96,193),
 (26,96,46),
 (32,96,135),
 (33,96,26),
 (15,97,186),
 (16,97,156),
 (18,97,190),
 (19,97,79),
 (25,97,109),
 (26,97,195),
 (27,97,70),
 (32,97,76),
 (33,97,22),
 (15,98,173),
 (18,98,102),
 (19,98,115),
 (24,98,76),
 (25,98,39),
 (26,98,166),
 (27,98,122),
 (32,98,137),
 (33,98,95),
 (15,99,178),
 (16,99,118),
 (18,99,75),
 (19,99,138),
 (24,99,48),
 (26,99,58),
 (27,99,108),
 (32,99,166),
 (33,99,190),
 (15,100,82),
 (16,100,63),
 (18,100,159),
 (19,100,165),
 (26,100,109),
 (27,100,195),
 (32,100,186),
 (33,100,42),
 (15,101,57),
 (16,101,134),
 (18,101,72),
 (19,101,122),
 (25,101,146),
 (27,101,86),
 (32,101,117),
 (33,101,189),
 (15,102,53),
 (18,102,189),
 (19,102,78),
 (24,102,99),
 (26,102,84),
 (27,102,124),
 (32,102,163),
 (33,102,98),
 (15,103,187),
 (16,103,28),
 (18,103,90),
 (24,103,40),
 (26,103,185),
 (32,103,57),
 (33,103,74),
 (15,104,167),
 (16,104,174),
 (18,104,77),
 (19,104,194),
 (25,104,47),
 (27,104,196),
 (32,104,142),
 (33,104,111),
 (15,105,78),
 (16,105,122),
 (18,105,123),
 (19,105,181),
 (24,105,134),
 (25,105,126),
 (26,105,96),
 (27,105,169),
 (32,105,184),
 (33,105,37),
 (15,106,174),
 (16,106,140),
 (18,106,165),
 (19,106,195),
 (24,106,135),
 (25,106,52),
 (26,106,97),
 (27,106,94),
 (32,106,62),
 (33,106,77),
 (15,107,180),
 (16,107,29),
 (18,107,132),
 (19,107,95),
 (24,107,38),
 (25,107,48),
 (27,107,59),
 (32,107,191),
 (33,107,71),
 (15,108,103),
 (16,108,120),
 (18,108,101),
 (19,108,117),
 (24,108,191),
 (32,108,106),
 (33,108,144),
 (15,109,90),
 (16,109,182),
 (18,109,13),
 (19,109,98),
 (24,109,143),
 (25,109,86),
 (26,109,62),
 (27,109,143),
 (32,109,87),
 (33,109,80),
 (15,110,163),
 (16,110,42),
 (18,110,39),
 (19,110,198),
 (24,110,49),
 (25,110,185),
 (26,110,147),
 (27,110,170),
 (32,110,85),
 (33,110,32),
 (15,111,56),
 (16,111,105),
 (18,111,73),
 (19,111,197),
 (24,111,103),
 (25,111,37),
 (26,111,173),
 (32,111,115),
 (33,111,147),
 (15,112,34),
 (16,112,93),
 (19,112,120),
 (24,112,61),
 (25,112,69),
 (26,112,107),
 (27,112,132),
 (32,112,17),
 (33,112,40),
 (15,113,195),
 (16,113,77),
 (18,113,34),
 (25,113,49),
 (26,113,115),
 (32,113,61),
 (33,113,13),
 (18,114,96),
 (25,114,164),
 (26,114,41),
 (32,114,29),
 (33,114,156),
 (15,115,158),
 (16,115,183),
 (18,115,141),
 (19,115,59),
 (25,115,141),
 (26,115,99),
 (27,115,137),
 (32,115,46),
 (33,115,36),
 (16,116,87),
 (18,116,88),
 (19,116,137),
 (24,116,47),
 (25,116,183),
 (27,116,151),
 (32,116,33),
 (33,116,8),
 (15,117,60),
 (16,117,194),
 (24,117,165),
 (25,117,78),
 (26,117,93),
 (27,117,65),
 (33,117,146),
 (15,118,41),
 (16,118,39),
 (18,118,155),
 (19,118,114),
 (24,118,166),
 (32,118,167),
 (33,118,154),
 (15,119,32),
 (16,119,195),
 (18,119,104),
 (24,119,179),
 (25,119,180),
 (26,119,177),
 (27,119,69),
 (32,119,77),
 (33,119,21),
 (15,120,188),
 (16,120,131),
 (18,120,18),
 (19,120,99),
 (24,120,146),
 (25,120,71),
 (32,120,143),
 (33,120,113),
 (15,121,89),
 (16,121,68),
 (18,121,28),
 (19,121,139),
 (24,121,176),
 (25,121,90),
 (27,121,133),
 (32,121,127),
 (33,121,124),
 (15,122,46),
 (16,122,62),
 (18,122,65),
 (19,122,156),
 (24,122,60),
 (26,122,132),
 (32,122,95),
 (33,122,34),
 (15,123,179),
 (16,123,160),
 (18,123,49),
 (19,123,174),
 (24,123,46),
 (25,123,133),
 (27,123,179),
 (32,123,141),
 (33,123,136),
 (15,124,59),
 (16,124,91),
 (18,124,14),
 (19,124,176),
 (25,124,87),
 (27,124,172),
 (32,124,11),
 (33,124,181),
 (15,125,168),
 (16,125,35),
 (18,125,127),
 (19,125,144),
 (24,125,63),
 (26,125,175),
 (32,125,19),
 (33,125,52),
 (15,126,74),
 (18,126,164),
 (19,126,68),
 (24,126,196),
 (25,126,56),
 (26,126,186),
 (27,126,155),
 (32,126,102),
 (33,126,3),
 (15,127,106),
 (16,127,191),
 (18,127,52),
 (25,127,149),
 (26,127,196),
 (32,127,197),
 (33,127,139),
 (15,128,162),
 (16,128,165),
 (18,128,54),
 (25,128,137),
 (26,128,40),
 (32,128,44),
 (33,128,28),
 (15,129,94),
 (16,129,41),
 (18,129,64),
 (19,129,151),
 (24,129,152),
 (27,129,74),
 (32,129,48),
 (33,129,150),
 (15,130,175),
 (16,130,114),
 (18,130,76),
 (19,130,187),
 (25,130,43),
 (26,130,112),
 (27,130,84),
 (32,130,192),
 (33,130,132),
 (15,131,50),
 (16,131,45),
 (19,131,84),
 (25,131,84),
 (26,131,180),
 (27,131,96),
 (32,131,195),
 (33,131,109),
 (15,132,134),
 (16,132,92),
 (18,132,98),
 (19,132,72),
 (24,132,180),
 (25,132,152),
 (26,132,197),
 (27,132,73),
 (32,132,92),
 (33,132,161),
 (18,133,184),
 (19,133,193),
 (24,133,119),
 (25,133,197),
 (26,133,69),
 (32,133,178),
 (33,133,29),
 (16,134,59),
 (18,134,84),
 (24,134,167),
 (25,134,62),
 (26,134,110),
 (27,134,147),
 (32,134,113),
 (33,134,134),
 (15,135,68),
 (16,135,108),
 (18,135,41),
 (19,135,106),
 (24,135,53),
 (25,135,124),
 (26,135,48),
 (33,135,93),
 (16,136,126),
 (18,136,168),
 (19,136,96),
 (24,136,190),
 (25,136,61),
 (26,136,194),
 (27,136,162),
 (32,136,81),
 (33,136,35),
 (15,137,149),
 (18,137,172),
 (24,137,73),
 (25,137,74),
 (26,137,159),
 (32,137,190),
 (33,137,30),
 (15,138,61),
 (16,138,95),
 (18,138,158),
 (19,138,74),
 (24,138,88),
 (26,138,71),
 (32,138,35),
 (33,138,122),
 (15,139,189),
 (16,139,137),
 (18,139,107),
 (19,139,148),
 (24,139,141),
 (25,139,70),
 (26,139,135),
 (27,139,81),
 (32,139,30),
 (33,139,19),
 (15,140,110),
 (16,140,49),
 (18,140,130),
 (24,140,115),
 (25,140,125),
 (26,140,153),
 (27,140,182),
 (32,140,154),
 (33,140,117),
 (15,141,196),
 (16,141,115),
 (18,141,109),
 (24,141,45),
 (25,141,94),
 (26,141,141),
 (32,141,157),
 (33,141,172),
 (16,142,152),
 (18,142,196),
 (24,142,169),
 (26,142,104),
 (27,142,63),
 (32,142,63),
 (33,142,149),
 (16,143,154),
 (18,143,180),
 (19,143,85),
 (24,143,79),
 (26,143,178),
 (27,143,197),
 (32,143,156),
 (33,143,108),
 (15,144,116),
 (16,144,172),
 (18,144,67),
 (24,144,96),
 (25,144,139),
 (26,144,91),
 (27,144,123),
 (32,144,161),
 (33,144,53),
 (15,145,27),
 (16,145,185),
 (18,145,176),
 (19,145,121),
 (24,145,89),
 (25,145,108),
 (26,145,51),
 (27,145,145),
 (33,145,188),
 (15,146,67),
 (16,146,38),
 (18,146,145),
 (25,146,150),
 (27,146,166),
 (32,146,108),
 (33,146,89),
 (15,147,151),
 (16,147,26),
 (18,147,143),
 (19,147,143),
 (24,147,62),
 (26,147,49),
 (32,147,82),
 (33,147,90),
 (15,148,150),
 (18,148,197),
 (19,148,150),
 (24,148,101),
 (25,148,122),
 (26,148,72),
 (32,148,109),
 (33,148,125),
 (15,149,184),
 (16,149,104),
 (18,149,153),
 (19,149,158),
 (24,149,188),
 (26,149,170),
 (27,149,152),
 (32,149,23),
 (33,149,9),
 (15,150,148),
 (16,150,97),
 (18,150,192),
 (19,150,70),
 (24,150,137),
 (26,150,73),
 (27,150,78),
 (32,150,130),
 (33,150,148),
 (15,151,43),
 (16,151,145),
 (18,151,81),
 (19,151,69),
 (24,151,153),
 (25,151,190),
 (26,151,42),
 (27,151,149),
 (32,151,189),
 (33,151,65),
 (16,152,132),
 (18,152,89),
 (19,152,192),
 (24,152,177),
 (25,152,115),
 (26,152,43),
 (27,152,80),
 (32,152,75),
 (33,152,121),
 (16,153,168),
 (18,153,111),
 (19,153,113),
 (25,153,184),
 (26,153,66),
 (32,153,90),
 (33,153,81),
 (15,154,44),
 (16,154,112),
 (18,154,118),
 (24,154,67),
 (25,154,63),
 (26,154,142),
 (32,154,40),
 (33,154,57),
 (15,155,127),
 (16,155,169),
 (18,155,162),
 (19,155,102),
 (24,155,174),
 (25,155,92),
 (26,155,138),
 (27,155,115),
 (32,155,28),
 (33,155,145),
 (15,156,112),
 (16,156,66),
 (18,156,112),
 (19,156,60),
 (24,156,97),
 (25,156,134),
 (26,156,131),
 (33,156,131),
 (15,157,121),
 (19,157,129),
 (24,157,140),
 (25,157,45),
 (26,157,56),
 (27,157,91),
 (32,157,169),
 (33,157,176),
 (15,158,76),
 (16,158,187),
 (18,158,53),
 (19,158,172),
 (24,158,184),
 (25,158,80),
 (26,158,161),
 (32,158,126),
 (33,158,33),
 (15,159,33),
 (16,159,86),
 (18,159,114),
 (19,159,67),
 (24,159,161),
 (25,159,96),
 (26,159,67),
 (27,159,153),
 (32,159,10),
 (33,159,155),
 (15,160,140),
 (16,160,31),
 (18,160,105),
 (19,160,190),
 (24,160,158),
 (25,160,82),
 (26,160,45),
 (27,160,178),
 (32,160,14),
 (33,160,177),
 (15,161,143),
 (16,161,179),
 (18,161,151),
 (19,161,90),
 (24,161,185),
 (25,161,188),
 (26,161,145),
 (27,161,107),
 (32,161,41),
 (33,161,12),
 (15,162,23),
 (16,162,180),
 (18,162,93),
 (25,162,103),
 (26,162,188),
 (32,162,73),
 (33,162,38),
 (15,163,17),
 (16,163,121),
 (18,163,142),
 (19,163,160),
 (24,163,54),
 (26,163,162),
 (27,163,82),
 (32,163,146),
 (33,163,41),
 (15,164,51),
 (16,164,136),
 (18,164,57),
 (19,164,175),
 (24,164,156),
 (25,164,177),
 (26,164,123),
 (27,164,90),
 (32,164,72),
 (33,164,160),
 (15,165,137),
 (16,165,61),
 (18,165,140),
 (19,165,183),
 (24,165,183),
 (25,165,50),
 (26,165,150),
 (27,165,139),
 (32,165,118),
 (33,165,114),
 (15,166,38),
 (16,166,76),
 (18,166,43),
 (19,166,136),
 (25,166,181),
 (26,166,171),
 (27,166,127),
 (32,166,26),
 (33,166,86),
 (15,167,160),
 (16,167,139),
 (18,167,147),
 (24,167,91),
 (25,167,117),
 (27,167,111),
 (32,167,162),
 (33,167,24),
 (15,168,77),
 (16,168,44),
 (18,168,68),
 (24,168,64),
 (26,168,54),
 (27,168,83),
 (32,168,37),
 (33,168,17),
 (15,169,182),
 (16,169,70),
 (18,169,125),
 (19,169,83),
 (24,169,107),
 (26,169,146),
 (27,169,180),
 (32,169,8),
 (33,169,31),
 (15,170,144),
 (16,170,110),
 (18,170,178),
 (19,170,91),
 (24,170,41),
 (25,170,174),
 (26,170,151),
 (32,170,128),
 (33,170,79),
 (15,171,101),
 (16,171,148),
 (18,171,45),
 (19,171,124),
 (24,171,86),
 (25,171,192),
 (26,171,103),
 (27,171,157),
 (32,171,34),
 (33,171,67),
 (15,172,35),
 (16,172,27),
 (18,172,152),
 (19,172,146),
 (24,172,162),
 (25,172,89),
 (26,172,94),
 (32,172,171),
 (33,172,101),
 (16,173,72),
 (18,173,186),
 (24,173,56),
 (25,173,171),
 (26,173,38),
 (27,173,64),
 (32,173,55),
 (33,173,126),
 (15,174,172),
 (16,174,186),
 (18,174,80),
 (24,174,132),
 (25,174,101),
 (26,174,190),
 (27,174,131),
 (32,174,147),
 (33,174,94),
 (15,175,55),
 (16,175,147),
 (18,175,63),
 (19,175,133),
 (24,175,85),
 (25,175,191),
 (32,175,188),
 (33,175,175),
 (15,176,98),
 (18,176,97),
 (24,176,93),
 (25,176,132),
 (26,176,134),
 (32,176,181),
 (33,176,142),
 (15,177,154),
 (16,177,71),
 (18,177,181),
 (19,177,177),
 (25,177,55),
 (26,177,156),
 (27,177,183),
 (32,177,121),
 (33,177,138),
 (15,178,164),
 (16,178,24),
 (18,178,40),
 (19,178,100),
 (24,178,95),
 (25,178,151),
 (27,178,161),
 (32,178,70),
 (33,178,118),
 (15,179,70),
 (16,179,99),
 (18,179,119),
 (24,179,87),
 (26,179,114),
 (32,179,151),
 (33,179,10),
 (16,180,161),
 (18,180,167),
 (19,180,188),
 (25,180,40),
 (26,180,79),
 (32,180,196),
 (33,180,171),
 (15,181,129),
 (16,181,158),
 (18,181,83),
 (19,181,109),
 (24,181,194),
 (26,181,37),
 (27,181,106),
 (32,181,187),
 (33,181,75),
 (15,182,15),
 (16,182,55),
 (18,182,195),
 (19,182,116),
 (24,182,82),
 (25,182,182),
 (27,182,109),
 (32,182,149),
 (33,182,85),
 (15,183,22),
 (16,183,192),
 (18,183,22),
 (19,183,182),
 (24,183,68),
 (25,183,93),
 (26,183,164),
 (27,183,148),
 (32,183,152),
 (33,183,102),
 (15,184,24),
 (16,184,141),
 (18,184,166),
 (19,184,105),
 (24,184,110),
 (25,184,34),
 (26,184,95),
 (32,184,94),
 (33,184,45),
 (15,185,153),
 (18,185,120),
 (24,185,77),
 (25,185,179),
 (26,185,81),
 (32,185,97),
 (33,185,187),
 (15,186,125),
 (16,186,69),
 (18,186,149),
 (19,186,130),
 (25,186,102),
 (26,186,198),
 (27,186,79),
 (32,186,22),
 (33,186,141),
 (15,187,171),
 (16,187,119),
 (18,187,179),
 (19,187,63),
 (25,187,195),
 (26,187,77),
 (27,187,88),
 (32,187,39),
 (33,187,88),
 (15,188,28),
 (18,188,38),
 (19,188,94),
 (25,188,113),
 (32,188,60),
 (33,188,174),
 (15,189,118),
 (16,189,184),
 (18,189,113),
 (19,189,53),
 (24,189,118),
 (25,189,65),
 (32,189,98),
 (33,189,4),
 (15,190,75),
 (16,190,106),
 (18,190,25),
 (19,190,62),
 (25,190,97),
 (26,190,108),
 (27,190,181),
 (32,190,66),
 (33,190,152),
 (15,191,132),
 (16,191,64),
 (18,191,150),
 (24,191,106),
 (25,191,105),
 (26,191,92),
 (27,191,100),
 (32,191,74),
 (33,191,127),
 (15,192,198),
 (16,192,88),
 (18,192,24),
 (24,192,168),
 (26,192,50),
 (27,192,185),
 (32,192,125),
 (33,192,59),
 (15,193,108),
 (16,193,196),
 (18,193,15),
 (24,193,136),
 (25,193,57),
 (26,193,139),
 (27,193,118),
 (32,193,12),
 (33,193,179),
 (15,194,104),
 (16,194,30),
 (18,194,32),
 (24,194,123),
 (25,194,98),
 (26,194,121),
 (27,194,76),
 (32,194,68),
 (33,194,92),
 (15,195,123),
 (16,195,56),
 (18,195,169),
 (19,195,112),
 (24,195,195),
 (25,195,99),
 (26,195,140),
 (27,195,144),
 (32,195,159),
 (33,195,60),
 (15,196,124),
 (18,196,139),
 (19,196,179),
 (24,196,81),
 (26,196,120),
 (27,196,92),
 (32,196,139),
 (33,196,151),
 (15,197,165),
 (16,197,81),
 (18,197,133),
 (24,197,37),
 (25,197,168),
 (26,197,111),
 (27,197,140),
 (32,197,31),
 (33,197,83),
 (15,198,83),
 (18,198,129),
 (24,198,157),
 (25,198,194),
 (27,198,104),
 (32,198,59),
 (33,198,55),
 (15,199,42),
 (16,199,190),
 (18,199,48),
 (19,199,111),
 (24,199,149),
 (25,199,81),
 (26,199,85),
 (27,199,77),
 (32,199,170),
 (33,199,140);
/*!40000 ALTER TABLE `roomredcards` ENABLE KEYS */;


--
-- Definition of table `rooms`
--

DROP TABLE IF EXISTS `rooms`;
CREATE TABLE `rooms` (
  `id` int(10) unsigned NOT NULL auto_increment,
  `name` char(50) NOT NULL,
  `max_players` int(10) unsigned NOT NULL,
  `round_num` int(10) unsigned NOT NULL default '0',
  `max_rounds` int(10) unsigned NOT NULL,
  `password` char(20) NOT NULL,
  `status` tinyint(1) NOT NULL,
  `created_on` timestamp NOT NULL default CURRENT_TIMESTAMP on update CURRENT_TIMESTAMP,
  `judge_num` int(10) unsigned NOT NULL,
  PRIMARY KEY  (`id`)
) ENGINE=InnoDB AUTO_INCREMENT=34 DEFAULT CHARSET=latin1;

--
-- Dumping data for table `rooms`
--

/*!40000 ALTER TABLE `rooms` DISABLE KEYS */;
INSERT INTO `rooms` (`id`,`name`,`max_players`,`round_num`,`max_rounds`,`password`,`status`,`created_on`,`judge_num`) VALUES 
 (15,'DB Test',12,3,20,'',1,'2008-01-10 22:18:07',1),
 (16,'DB Again',12,11,20,'',1,'2008-01-14 21:12:42',1),
 (18,'Chat / card test',12,1,20,'',1,'2008-01-14 22:36:49',1),
 (19,'Mark\\\'s Fun Emporium',12,1,20,'',1,'2008-01-18 15:36:29',1),
 (24,'Offsite Test',12,23,20,'',1,'2008-06-15 22:58:32',1),
 (25,'Mac Test',12,21,20,'',1,'2008-02-01 16:59:24',1),
 (26,'IE 7 test',12,24,20,'',1,'2008-02-01 16:55:40',2),
 (27,'A2A Beta Test',12,20,20,'',1,'2008-01-29 21:58:27',2),
 (32,'Room 4?',12,1,20,'',1,'2008-02-22 17:28:41',1),
 (33,'Mark',12,0,20,'',0,'2009-01-15 20:49:43',0);
/*!40000 ALTER TABLE `rooms` ENABLE KEYS */;




/*!40101 SET SQL_MODE=@OLD_SQL_MODE */;
/*!40014 SET FOREIGN_KEY_CHECKS=@OLD_FOREIGN_KEY_CHECKS */;
/*!40014 SET UNIQUE_CHECKS=@OLD_UNIQUE_CHECKS */;
/*!40101 SET CHARACTER_SET_CLIENT=@OLD_CHARACTER_SET_CLIENT */;
/*!40101 SET CHARACTER_SET_RESULTS=@OLD_CHARACTER_SET_RESULTS */;
/*!40101 SET COLLATION_CONNECTION=@OLD_COLLATION_CONNECTION */;
/*!40101 SET CHARACTER_SET_CLIENT=@OLD_CHARACTER_SET_CLIENT */;
